,Name,Mode,Meander_Rsh,ClMet_Rsh_std,ClMet_Rsh_rot,VDPEdge_std,VDPEdge_rot,LineW_Edge_std,LineW_Edge_rot,VDPBulk_std,VDPBulk_rot,VDPBulk_ResF1081,VDPBulk_ResF1218,Diode_I600,Diode_Cap,Diode_Vdep,Diode_Rho_Bulk
0,VPX38715_007_2-S_HM_E_Left,Quick,,,,,,,,91.1236,89.8804,4.39154,4.91175,0.187338,2.78864,186.44400000000002,4.5385
1,VPX38715_007_2-S_HM_W_Left,Quick,,,,,,,,91.9803,91.9423,4.4328199999999995,4.95792,0.182206,2.8186400000000003,183.533,4.61048
2,VPX38715_015_2-S_HM_E_Left,Quick,,,,,,,,91.2958,90.0522,4.399830000000001,4.92103,0.189737,2.80652,185.407,4.56073
3,VPX38715_015_2-S_HM_W_Left,Quick,,,,,,,,91.8204,91.3526,4.42512,4.94931,0.16486099999999998,2.79469,184.82299999999998,4.57515
4,VPX38715_028_2-S_HM_E_Left,Quick,,,,,,,,91.8152,91.8922,4.424869999999999,4.9490300000000005,0.10700599999999999,2.81905,186.481,4.55651
5,VPX38715_028_2-S_HM_W_Left,Quick,,,,,,,,92.648,92.4988,4.465,4.99392,0.171228,2.82267,182.609,4.66279
6,VPX38715_041_2-S_HM_E_Left,Quick,,,,,,,,91.3401,91.946,4.4019699999999995,4.92342,0.17189100000000002,2.8136200000000002,184.547,4.61702
7,VPX38715_041_2-S_HM_W_Left,Quick,,,,,,,,92.5709,92.48200000000001,4.46129,4.9897599999999995,0.178422,2.80507,185.104,4.6063
8,VPX38715_010_2-S_HM_E_Left,Extended,0.271586,18.0023,17.7526,1.19179,1.2494100000000001,44.6105,46.7673,92.0289,92.1491,4.435169999999999,4.96054,0.209825,2.79407,186.752,4.571969999999999
9,VPX38715_010_2-S_HM_W_Left,Extended,0.257316,17.7083,17.4388,0.85864,1.20571,32.141999999999996,45.1342,91.6583,91.8447,4.41731,4.94057,0.0997467,2.78448,186.562,4.53878
10,VPX38715_032_2-S_HM_E_Left,Extended,0.271791,17.9019,17.8133,1.06721,1.25405,39.2232,46.09,91.5147,91.7965,4.41038,4.9328199999999995,0.16006800000000002,2.8123099999999996,185.021,4.6020199999999996
11,VPX38715_032_2-S_HM_W_Left,Extended,0.26677399999999996,17.7526,17.6406,1.21054,1.20828,46.1272,46.0409,93.0193,91.5694,4.48289,5.01393,0.187554,2.77067,191.01,4.45156
12,VPX38715_039_2-S_HM_E_Left,Extended,0.267748,17.6301,17.8471,1.2531700000000001,1.11179,46.6371,41.3754,91.8811,92.7532,4.42805,4.95258,0.19349,2.81107,185.347,4.57487
13,VPX38715_039_2-S_HM_W_Left,Extended,0.262212,17.7526,17.4726,1.5227700000000002,1.21706,59.1962,47.3122,92.9085,91.5189,4.4775599999999995,5.00796,0.173664,2.77521,188.87900000000002,4.47999
14,VPX37897_001_2-S_HM_E_Left,Quick,,,,,,,,78.0857,77.5893,3.7632,4.20898,0.103887,2.7440700000000002,201.107,4.17846
15,VPX37897_001_2-S_HM_W_Left,Quick,,,,,,,,76.0501,77.5398,3.6651,4.09926,0.26921799999999996,2.8055,207.317,4.047630000000001
16,VPX37897_012_2-S_HM_E_Left,Quick,,,,,,,,79.4537,78.9756,3.82913,4.28271,0.163159,2.76031,230.24599999999998,3.62932
17,VPX37897_012_2-S_HM_W_Left,Quick,,,,,,,,79.4187,79.4004,3.82744,4.28083,0.24485,2.78938,213.81900000000002,3.91636
18,VPX37897_026_2-S_HM_E_Left,Quick,,,,,,,,77.0648,76.357,3.714,4.15395,0.176129,2.7439,211.215,3.96463
19,VPX37897_026_2-S_HM_W_Left,Quick,,,,,,,,75.2462,75.5491,3.62635,4.0559199999999995,0.234265,2.7583599999999997,214.97799999999998,3.9006800000000004
20,VPX37897_039_2-S_HM_E_Left,Quick,,,,,,,,77.2189,77.672,3.7214300000000002,4.16226,0.201329,2.75405,221.27599999999998,3.7975800000000004
21,VPX37897_039_2-S_HM_W_Left,Quick,,,,,,,,77.3424,77.30199999999999,3.72738,4.1689099999999994,0.261329,2.77217,218.77,3.8491199999999997
22,VPX37897_005_2-S_HM_E_Left,Extended,0.24256399999999997,16.5603,16.4168,1.24448,1.23494,45.4514,45.1029,76.434,76.0347,3.6836,4.11995,0.0345237,2.77983,217.419,3.84076
23,VPX37897_005_2-S_HM_W_Left,Extended,0.25751399999999997,17.307000000000002,16.9873,1.19749,1.2002899999999999,46.9346,47.0443,75.7504,76.0239,3.65065,4.0831,0.25697800000000004,2.77162,213.972,3.8917300000000004
24,VPX37897_018_2-S_HM_E_Left,Extended,0.232435,16.5428,16.348,1.23403,1.24706,44.9383,45.4129,78.1869,78.07,3.7680800000000003,4.21443,0.189557,2.75598,257.452,3.25261
25,VPX37897_018_2-S_HM_W_Left,Extended,0.243975,16.8251,16.8076,1.20317,1.21335,46.4255,46.8185,77.9167,77.5975,3.75505,4.19987,0.291427,2.77926,209.609,4.0285400000000005
26,VPX37897_043_2-S_HM_E_Left,Extended,0.231008,16.4693,16.4343,1.2436,1.23995,46.2077,46.0721,77.2476,77.0997,3.72281,4.1638,0.24327600000000002,2.74852,208.25099999999998,4.0576300000000005
27,VPX37897_043_2-S_HM_W_Left,Extended,0.242448,17.2218,17.1005,1.20046,1.2019,44.876999999999995,44.9306,77.6728,77.2653,3.7433,4.186719999999999,0.279882,2.7591,221.532,3.81435
28,VPX37408_010_2-S_HM_E_Left,Extended,0.24481999999999998,17.0281,16.8951,1.2165,1.21748,47.2314,47.2695,71.4875,72.4521,3.44521,3.8533199999999996,0.262973,2.75755,216.42,3.9098900000000003
29,VPX37408_010_2-S_HM_W_Left,Extended,0.253513,17.7526,17.4038,1.17747,1.19444,46.8619,47.5375,72.3464,73.1022,3.4866,3.8996199999999996,0.346765,2.77031,223.769,3.81301
30,VPX37408_021_2-S_HM_E_Left,Extended,0.23643899999999998,17.0526,16.9523,1.21888,1.22749,46.1695,46.4957,77.9569,77.6482,3.75699,4.202030000000001,0.20504099999999997,2.7663599999999997,207.37599999999998,4.10308
31,VPX37408_021_2-S_HM_W_Left,Extended,0.248531,17.7305,17.5053,1.18156,1.1824299999999999,47.0294,47.0638,77.4475,76.8542,3.73244,4.174580000000001,0.24355300000000002,2.76031,215.926,3.9106699999999996
32,VPX37408_046_2-S_HM_E_Left,Extended,0.234814,17.1565,16.942999999999998,1.2071,1.2065299999999999,46.3461,46.3242,78.9988,78.4342,3.8072,4.2582,0.229621,2.76538,200.37,4.217219999999999
33,VPX37408_046_2-S_HM_W_Left,Extended,0.24280300000000002,17.426,17.4026,1.17076,1.16777,46.6455,46.5265,78.2165,78.1787,3.7695,4.21603,0.35932,2.77357,207.378,4.06904
34,VPX37408_004_2-S_HM_E_Left,Quick,,,,,,,,70.3416,70.0372,3.38999,3.79155,0.314203,2.76843,221.77,3.69464
35,VPX37408_004_2-S_HM_W_Left,Quick,,,,,,,,69.5508,70.1589,3.3518800000000004,3.74893,0.296025,2.74169,221.143,3.7260800000000005
36,VPX37408_016_2-S_HM_E_Left,Quick,,,,,,,,72.8845,70.582,3.51254,3.9286199999999996,0.282785,2.76171,216.178,3.83855
37,VPX37408_016_2-S_HM_W_Left,Quick,,,,,,,,71.0041,71.8401,3.42191,3.82726,0.21309899999999998,2.75826,221.37,3.76431
38,VPX37408_027_2-S_HM_E_Left,Quick,,,,,,,,76.3539,75.3714,3.6797400000000002,4.11563,0.21437399999999998,2.7795,212.45,3.94434
39,VPX37408_027_2-S_HM_W_Left,Quick,,,,,,,,76.5241,76.2125,3.68794,4.12481,0.322914,2.75495,205.378,4.1086800000000006
40,VPX37408_034_2-S_HM_E_Left,Quick,,,,,,,,78.5934,79.2707,3.78767,4.23634,0.24414299999999997,2.75052,203.845,4.14533
41,VPX37408_034_2-S_HM_W_Left,Quick,,,,,,,,78.1969,77.9722,3.76856,4.21497,0.351423,2.7556700000000003,201.68900000000002,4.16929
42,VPX37078_005_PSS_HM_E_Left,Extended,0.252243,17.1553,17.1436,1.15914,1.16297,45.5382,45.6886,72.3123,71.7774,3.48496,3.8977800000000005,0.599313,2.75807,226.892,3.74496
43,VPX37078_005_PSS_HM_W_Left,Extended,0.254424,17.4038,17.4691,1.13334,1.11637,46.5877,45.8904,73.2594,72.0013,3.5306,3.9488300000000005,0.57729,2.7507599999999996,222.15900000000002,3.84595
44,VPX37078_017_PSS_HM_E_Left,Extended,0.266625,17.0223,17.0958,1.20431,1.20492,46.7037,46.7272,71.8971,71.718,3.46495,3.8754,0.719418,2.76167,232.766,3.6757699999999995
45,VPX37078_017_PSS_HM_W_Left,Extended,0.268669,17.1565,17.146,1.20442,1.19294,46.8938,46.4468,71.376,70.7574,3.4398400000000002,3.84731,0.489839,2.8094,228.078,3.7513199999999998
46,VPX37078_031_PSS_HM_E_Left,Extended,0.265048,17.3513,17.1985,1.20866,1.2106,46.7151,46.7899,72.6633,73.6272,3.5018800000000003,3.9167,0.349493,2.7421900000000003,221.94,3.8577199999999996
47,VPX37078_031_PSS_HM_W_Left,Extended,0.26447,17.4038,17.377,1.20565,1.20051,47.0822,46.8813,73.1567,73.4119,3.52566,3.9433,0.143728,2.79386,214.043,4.0000599999999995
48,VPX37078_001_PSS_HM_E_Left,Quick,,,,,,,,60.4928,60.3162,2.91534,3.26068,0.482833,2.77629,229.46,3.72359
49,VPX37078_001_PSS_HM_W_Left,Quick,,,,,,,,73.973,73.3364,3.565,3.9873,0.589569,2.78402,227.08599999999998,3.76251
50,VPX37078_014_PSS_HM_E_Left,Quick,,,,,,,,71.946,72.428,3.46731,3.8780300000000003,0.595797,2.7732900000000003,230.43599999999998,3.70781
51,VPX37078_014_PSS_HM_W_Left,Quick,,,,,,,,72.3175,71.3791,3.48521,3.8980599999999996,0.10330999999999999,2.77167,244.47299999999998,3.49251
52,VPX37078_027_PSS_HM_E_Left,Quick,,,,,,,,73.5694,72.8403,3.5455400000000004,3.9655400000000003,0.520077,2.75743,228.73,3.7561199999999997
53,VPX37078_027_PSS_HM_W_Left,Quick,,,,,,,,71.9761,72.4936,3.46876,3.87966,0.5669,2.83831,212.588,4.035769999999999
54,VPX37078_048_PSS_HM_E_Left,Quick,,,,,,,,73.7396,74.2862,3.5537400000000003,3.97471,0.46234,2.7705,227.498,3.7608900000000003
55,VPX37078_048_PSS_HM_W_Left,Quick,,,,,,,,72.3702,73.0034,3.48775,3.9009,0.5149279999999999,2.77631,230.47299999999998,3.70211
56,VPX36794_008_PSS_HM_E_Left,Extended,0.260785,17.7526,17.4073,1.2958399999999999,1.28864,45.9514,45.6961,77.9068,77.6218,3.7545800000000003,4.199330000000001,0.417717,2.76781,207.15599999999998,4.0904
57,VPX36794_008_PSS_HM_W_Left,Extended,0.269208,18.3056,18.2169,1.25443,1.26,45.7043,45.9071,80.3725,78.0805,3.87341,4.3322400000000005,0.506754,2.7539999999999996,208.892,4.0508
58,VPX36794_019_PSS_HM_E_Left,Extended,0.253905,17.8809,17.7561,1.31603,1.31437,47.9763,47.9159,74.2323,74.8716,3.57749,4.00127,0.426018,2.75219,220.47099999999998,3.8380300000000003
59,VPX36794_019_PSS_HM_W_Left,Extended,0.257204,17.9019,17.7013,1.2381,1.22714,45.7928,45.3876,71.9866,72.4582,3.46926,3.8802199999999996,0.48384499999999997,2.7544,218.49200000000002,3.8138900000000002
60,VPX36794_043_PSS_HM_E_Left,Extended,0.254529,17.7526,17.6395,1.28675,1.29318,46.2023,46.4331,72.8679,73.4466,3.51174,3.9277300000000004,0.5297609999999999,2.7831200000000003,215.28400000000002,3.9578300000000004
61,VPX36794_043_PSS_HM_W_Left,Extended,0.265487,18.1388,18.3324,1.27085,1.27773,45.9446,46.1935,74.875,75.7553,3.60846,4.035909999999999,0.47866800000000004,2.7960000000000003,219.74200000000002,3.88289
62,VPX36794_002_PSS_HM_E_Left,Quick,,,,,,,,77.5839,78.3868,3.7390199999999996,4.18193,0.10063899999999999,2.79455,214.68099999999998,3.97168
63,VPX36794_002_PSS_HM_W_Left,Quick,,,,,,,,78.8877,79.8056,3.80185,4.25221,0.47371599999999997,2.7526,216.09,3.9485300000000003
64,VPX36794_015_PSS_HM_E_Left,Quick,,,,,,,,78.0987,78.8193,3.7638199999999995,4.2096800000000005,0.370586,2.7694799999999997,216.752,3.9228699999999996
65,VPX36794_015_PSS_HM_W_Left,Quick,,,,,,,,77.0851,76.8691,3.71498,4.1550400000000005,0.544621,2.75276,219.055,3.8843099999999997
66,VPX36794_026_PSS_HM_E_Left,Quick,,,,,,,,76.9945,77.2501,3.71061,4.15016,0.38113600000000003,2.75576,216.976,3.9487
67,VPX36794_026_PSS_HM_W_Left,Quick,,,,,,,,77.6205,77.8902,3.7407800000000004,4.1839,0.6828960000000001,2.75386,210.13400000000001,4.07447
68,VPX36794_035_PSS_HM_E_Left,Quick,,,,,,,,75.7451,76.6265,3.6504,4.08281,0.44838900000000004,2.7557400000000003,218.813,3.90208
69,VPX36794_035_PSS_HM_W_Left,Quick,,,,,,,,76.1176,76.4017,3.66835,4.10289,0.609586,2.73733,214.71599999999998,3.9600699999999995
70,VPX36244_003_2-S_HM_E_Left,Extended,0.244321,16.6957,16.7178,1.25885,1.258,46.5059,46.4744,61.0189,61.8405,2.9407,3.28904,0.578702,2.93014,287.807,3.00156
71,VPX36244_003_2-S_HM_W_Left,Extended,0.255231,17.3,17.1075,1.2403899999999999,1.24005,46.1331,46.1206,61.1182,60.8759,2.94548,3.29439,0.738866,2.76057,298.406,2.9029
72,VPX36244_016_2-S_HM_E_Left,Extended,0.23105,16.8765,16.7272,1.26694,1.2716399999999999,46.7013,46.8746,62.0671,61.9672,2.9912099999999997,3.34554,0.070641,2.96171,252.324,3.43071
73,VPX36244_016_2-S_HM_W_Left,Extended,0.23890999999999998,17.3933,17.1576,1.25916,1.26339,47.5179,47.6777,63.3543,63.7558,3.05325,3.4149300000000005,0.074036,3.01193,268.462,3.21124
74,VPX36244_028_2-S_HM_E_Left,Extended,0.24386799999999997,17.0596,17.0025,1.27768,1.26851,46.492,46.1583,62.6636,63.1779,3.0199599999999998,3.3777,0.07851,2.9859299999999998,274.683,3.1471299999999998
75,VPX36244_028_2-S_HM_W_Left,Extended,0.204423,17.3618,17.223,1.24156,1.2375200000000002,47.1133,46.9597,62.2394,62.878,2.99951,3.35483,0.56406,2.92286,279.599,3.0748599999999997
76,VPX36244_042_2-S_HM_E_Left,Extended,0.22951799999999997,16.7458,16.7458,1.2489700000000001,1.24994,46.611999999999995,46.6481,60.6939,60.1797,2.92503,3.27152,0.748315,2.71636,284.835,2.96664
77,VPX36244_042_2-S_HM_W_Left,Extended,0.23206999999999997,17.1238,16.894000000000002,1.22945,1.22917,47.175,47.1643,60.5053,60.755,2.91594,3.26136,0.803298,2.71029,317.306,2.66491
78,VPX36244_007_2-S_HM_E_Left,Quick,,,,,,,,60.073,59.8904,2.89511,3.23806,0.784655,2.682,282.529,2.9950099999999997
79,VPX36244_007_2-S_HM_W_Left,Quick,,,,,,,,61.6919,61.7447,2.97313,3.3253199999999996,0.703624,2.75507,284.38,3.05025
80,VPX36244_014_2-S_HM_E_Left,Quick,,,,,,,,59.833999999999996,59.4735,2.8835900000000003,3.22518,0.795458,2.74171,282.41200000000003,2.9983299999999997
81,VPX36244_014_2-S_HM_W_Left,Quick,,,,,,,,59.6639,59.8004,2.8754,3.21601,0.7900510000000001,2.7416400000000003,282.915,3.00547
82,VPX36244_023_2-S_HM_E_Left,Quick,,,,,,,,60.9771,60.902,2.9386799999999997,3.2867900000000003,0.8280360000000001,2.89293,282.328,3.01797
83,VPX36244_023_2-S_HM_W_Left,Quick,,,,,,,,61.0425,61.4351,2.94183,3.29032,0.768563,2.73407,276.904,3.08773
84,VPX36244_035_2-S_HM_E_Left,Quick,,,,,,,,63.3192,63.7067,3.05156,3.4130300000000005,0.805613,2.73957,270.0,3.18418
85,VPX36244_035_2-S_HM_W_Left,Quick,,,,,,,,64.1706,63.8044,3.09258,3.4589199999999996,0.8427049999999999,2.73429,267.964,3.2172
86,VPX36244_044_2-S_HM_E_Left,Quick,,,,,,,,61.1045,61.2469,2.94482,3.29366,0.711106,2.7585,278.09,3.10645
87,VPX36244_044_2-S_HM_W_Left,Quick,,,,,,,,60.9885,60.8111,2.93923,3.2874,0.8326690000000001,2.7442900000000003,279.546,3.09239
88,VPX38714_009_2-S_HM_E_Left,Extended,0.256569,17.5298,17.3851,1.22769,1.2174399999999999,46.3334,45.9464,81.7613,81.5176,3.94034,4.4071,0.320635,2.7812099999999997,203.231,4.21286
89,VPX38714_009_2-S_HM_W_Left,Extended,0.26006999999999997,17.3851,17.3385,1.18934,1.1748399999999999,46.1841,45.621,80.3075,80.293,3.87028,4.32874,0.145459,2.76681,204.168,4.14738
90,VPX38714_026_2-S_HM_E_Left,Extended,0.256423,17.0795,17.244,1.22769,1.23151,45.9382,46.081,82.1437,82.4917,3.95877,4.42771,0.225237,2.76195,202.85299999999998,4.19166
91,VPX38714_026_2-S_HM_W_Left,Extended,0.258176,17.4691,17.552,1.20154,1.1959600000000001,45.5392,45.3279,83.18299999999999,83.0103,4.008859999999999,4.48373,0.38009499999999996,2.76783,202.455,4.20571
92,VPX38714_048_2-S_HM_E_Left,Extended,0.237909,17.2673,17.1331,1.23295,1.22933,46.331,46.1947,78.9626,79.2796,3.80546,4.25624,0.25493899999999997,2.77324,206.56400000000002,4.13347
93,VPX38714_048_2-S_HM_W_Left,Extended,0.24571199999999999,17.3956,17.4038,1.20175,1.19815,46.818999999999996,46.6791,79.7645,80.6138,3.8441099999999997,4.2994699999999995,0.35343,2.73955,202.31400000000002,4.21737
94,VPX38714_006_2-S_HM_E_Left,Quick,,,,,,,,80.4371,80.4633,3.8765199999999997,4.335719999999999,0.28193,2.76933,202.85,4.20333
95,VPX38714_006_2-S_HM_W_Left,Quick,,,,,,,,80.4749,79.7091,3.87834,4.33776,0.149074,2.80448,199.269,4.28775
96,VPX38714_018_2-S_HM_E_Left,Quick,,,,,,,,80.9239,81.2449,3.8999800000000002,4.36196,0.25304099999999996,2.7479,202.38,4.15795
97,VPX38714_018_2-S_HM_W_Left,Quick,,,,,,,,80.8522,80.899,3.8965199999999998,4.3581,0.350745,2.78457,214.41099999999997,3.9437800000000003
98,VPX38714_034_2-S_HM_E_Left,Quick,,,,,,,,82.1392,82.6939,3.95855,4.42747,0.227992,2.76762,203.98,4.17139
99,VPX38714_034_2-S_HM_W_Left,Quick,,,,,,,,83.3656,82.7917,4.01765,4.493580000000001,0.376486,2.74079,203.40099999999998,4.19195
100,VPX38714_044_2-S_HM_E_Left,Quick,,,,,,,,82.2013,82.5578,3.9615400000000003,4.43081,0.24989,2.7776400000000003,201.247,4.24266
101,VPX38714_044_2-S_HM_W_Left,Quick,,,,,,,,82.1827,82.0042,3.96064,4.42981,0.400582,2.74445,191.299,4.46638
102,VPX37077_006_PSS_HM_E_Left,Quick,,,,,,,,71.9421,72.0231,3.4671199999999995,3.87782,0.13988399999999998,2.69307,232.37099999999998,3.6718699999999997
103,VPX37077_006_PSS_HM_W_Left,Quick,,,,,,,,73.336,73.8261,3.5343,3.95296,0.48958100000000004,2.80662,219.084,3.87575
104,VPX37077_019_PSS_HM_E_Left,Quick,,,,,,,,67.8808,69.17399999999999,3.2713900000000002,3.6589099999999997,0.609256,2.7521400000000003,221.49900000000002,3.7227099999999997
105,VPX37077_019_PSS_HM_W_Left,Quick,,,,,,,,68.9452,67.9521,3.32269,3.7162900000000003,0.494519,2.76562,232.092,3.59795
106,VPX37077_028_PSS_HM_E_Left,Quick,,,,,,,,69.9898,70.4298,3.3730300000000004,3.77259,0.5973109999999999,2.7401,216.55,3.87235
107,VPX37077_028_PSS_HM_W_Left,Quick,,,,,,,,70.2551,70.3089,3.38582,3.78689,0.51968,2.76779,217.96900000000002,3.84179
108,VPX37077_037_PSS_HM_E_Left,Quick,,,,,,,,70.3667,70.8115,3.39119,3.79291,0.523741,2.73857,210.91099999999997,3.96481
109,VPX37077_037_PSS_HM_W_Left,Quick,,,,,,,,71.8853,71.7233,3.4643800000000002,3.8747599999999998,0.493909,2.82648,203.13,4.10805
110,VPX37077_009_PSS_HM_E_Left,Extended,0.26405500000000004,16.8496,17.083,1.18831,1.17868,45.571000000000005,45.2019,68.2753,68.4473,3.2904,3.6801800000000005,0.6383979999999999,2.73988,228.71,3.64605
111,VPX37077_009_PSS_HM_W_Left,Extended,0.265523,17.1203,16.9068,1.18574,1.18583,45.7951,45.7987,70.5575,69.9495,3.4003900000000002,3.8031900000000003,0.512097,2.7703599999999997,233.472,3.65455
112,VPX37077_020_PSS_HM_E_Left,Extended,0.26604099999999997,17.1425,17.180999999999997,1.20108,1.20736,46.3926,46.635,72.2678,72.2277,3.4828099999999997,3.8953800000000003,0.506686,2.74693,232.199,3.69237
113,VPX37077_020_PSS_HM_W_Left,Extended,0.265306,17.2615,17.1553,1.19842,1.18719,46.8475,46.4083,72.8711,73.097,3.51189,3.9279,0.349408,2.76793,231.62599999999998,3.70151
114,VPX37077_032_PSS_HM_E_Left,Extended,0.26469499999999996,17.2125,17.0865,1.21074,1.21041,46.8383,46.8257,73.6343,73.9146,3.5486699999999995,3.96904,0.558251,2.76079,214.578,3.99559
115,VPX37077_032_PSS_HM_W_Left,Extended,0.26768000000000003,17.3851,17.3058,1.2063700000000002,1.1937,46.8146,46.323,72.6576,72.0593,3.5016,3.9163900000000003,0.474153,2.78248,218.59799999999998,3.9221
116,VPX35955_010_PSS_HM_E_Left,Extended,0.270278,17.4166,17.3058,1.23537,1.24332,45.8059,46.1009,72.5847,71.4504,3.4980900000000004,3.91246,0.31382899999999997,2.78386,217.27,3.93249
117,VPX35955_010_PSS_HM_W_Left,Extended,0.26303000000000004,17.1506,17.1308,1.21615,1.20364,46.4911,46.0126,72.6699,70.9712,3.50219,3.91705,0.300538,2.76917,225.231,3.7595300000000003
118,VPX35955_020_PSS_HM_E_Left,Extended,0.257732,17.3863,17.4166,1.22945,1.2307700000000001,46.8756,46.9258,70.3121,70.9385,3.3885699999999996,3.78997,0.39816399999999996,2.76455,225.93,3.76873
119,VPX35955_020_PSS_HM_W_Left,Extended,0.250498,17.3245,17.2591,1.2141,1.20984,46.5237,46.3605,71.6884,70.9528,3.4548900000000002,3.86415,0.281572,2.77314,222.15599999999998,3.83805
120,VPX35955_030_PSS_HM_E_Left,Extended,0.255669,17.0573,16.9465,1.2238200000000001,1.21402,46.863,46.4877,70.8834,70.8306,3.4161,3.82076,0.070538,2.77762,224.049,3.78725
121,VPX35955_030_PSS_HM_W_Left,Extended,0.254775,17.335,17.1658,1.2331299999999998,1.22007,46.6546,46.1607,71.5612,71.1113,3.44876,3.8573,0.361581,2.79767,226.864,3.7636
122,VPX35955_047_PSS_HM_E_Left,Extended,0.253922,17.3385,17.3793,1.2246,1.2261600000000001,46.6311,46.6906,71.3297,71.2219,3.43761,3.84482,0.407682,2.7806900000000003,223.142,3.81581
123,VPX35955_047_PSS_HM_W_Left,Extended,0.24561100000000002,17.223,17.1938,1.22361,1.2167299999999999,45.6263,45.3696,72.2219,72.0499,3.4806,3.8929099999999996,0.365096,2.80055,222.236,3.8419800000000004
124,VPX35955_008_PSS_HM_E_Left,Quick,,,,,,,,71.57,72.2722,3.44919,3.85777,0.29840700000000003,2.77219,229.55599999999998,3.72975
125,VPX35955_008_PSS_HM_W_Left,Quick,,,,,,,,72.7812,72.6251,3.50756,3.92306,0.310102,2.798,224.21099999999998,3.81865
126,VPX35955_018_PSS_HM_E_Left,Quick,,,,,,,,71.8921,71.9566,3.4647099999999997,3.8751300000000004,0.33131,2.7568799999999998,227.093,3.76758
127,VPX35955_018_PSS_HM_W_Left,Quick,,,,,,,,72.3772,71.7522,3.48809,3.9012800000000003,0.316134,2.79293,223.919,3.81837
128,VPX35955_026_PSS_HM_E_Left,Quick,,,,,,,,70.4345,72.0907,3.39446,3.79656,0.261231,2.7645,218.292,3.9140800000000002
129,VPX35955_026_PSS_HM_W_Left,Quick,,,,,,,,71.1033,72.104,3.4266900000000002,3.83261,0.331281,2.7913099999999997,219.873,3.88594
130,VPX35955_035_PSS_HM_E_Left,Quick,,,,,,,,72.3552,72.8569,3.4870300000000003,3.90009,0.397252,2.7886,218.84900000000002,3.9041300000000003
131,VPX35955_035_PSS_HM_W_Left,Quick,,,,,,,,72.4254,71.8513,3.49041,3.9038699999999995,0.335443,2.70533,252.408,3.38505
132,VPX35955_044_PSS_HM_E_Left,Quick,,,,,,,,73.205,73.9982,3.5279800000000003,3.9459,0.336876,2.78793,215.72400000000002,3.94976
133,VPX35955_044_PSS_HM_W_Left,Quick,,,,,,,,72.9163,72.7455,3.51407,3.93034,0.08263200000000001,2.77252,225.31099999999998,3.7895300000000005
134,VPX37904_005_2-S_HM_E_Left,Quick,,,,,,,,80.4732,80.7287,3.87826,4.33767,0.14515799999999998,2.76157,237.19299999999998,3.5156400000000003
135,VPX37904_005_2-S_HM_W_Left,Quick,,,,,,,,80.2661,81.7007,3.8682800000000004,4.3265,0.186851,2.7636700000000003,211.68900000000002,3.94196
136,VPX37904_018_2-S_HM_E_Left,Quick,,,,,,,,77.8579,78.3129,3.75222,4.1967,0.148526,2.75345,196.96099999999998,4.12774
137,VPX37904_018_2-S_HM_W_Left,Quick,,,,,,,,78.9717,79.4407,3.8059,4.25674,0.284049,2.78514,197.063,4.06145
138,VPX37904_028_2-S_HM_E_Left,Quick,,,,,,,,80.2813,80.0573,3.86901,4.32733,0.048933300000000006,2.75238,197.236,4.20424
139,VPX37904_028_2-S_HM_W_Left,Quick,,,,,,,,80.7124,80.0569,3.88979,4.35056,0.20575500000000002,2.75298,200.608,4.02974
140,VPX37904_033_2-S_HM_E_Left,Quick,,,,,,,,79.5184,79.8118,3.83225,4.2862,0.18445999999999999,2.74962,202.012,4.10773
141,VPX37904_033_2-S_HM_W_Left,Quick,,,,,,,,80.3632,80.452,3.87296,4.33174,0.243429,2.7549,194.66099999999997,4.26284
142,VPX37904_008_2-S_HM_E_Left,Extended,0.23650500000000002,16.6233,16.3573,1.12296,1.1275,46.1036,46.29,80.3004,79.9647,3.86993,4.32835,0.16156800000000002,2.7720700000000003,238.408,3.47574
143,VPX37904_008_2-S_HM_W_Left,Extended,0.24613800000000002,17.0491,17.041,1.09606,1.09353,45.4078,45.3029,80.1771,80.3694,3.8639900000000003,4.3217099999999995,0.22244699999999998,2.76836,205.907,4.07536
144,VPX37904_023_2-S_HM_E_Left,Extended,0.22973000000000002,16.7447,16.5708,1.13662,1.13585,47.0107,46.9789,82.7603,81.5309,3.9884800000000005,4.46095,0.298098,2.7529,196.208,4.31864
145,VPX37904_023_2-S_HM_W_Left,Extended,0.23508600000000002,17.0666,16.9651,1.09226,1.0923,47.0165,47.0185,79.0287,79.2643,3.80865,4.25981,0.208787,2.78579,189.46099999999998,4.36448
146,VPX37904_047_2-S_HM_E_Left,Extended,0.22634,16.6665,16.5965,1.13591,1.1405399999999999,45.5848,45.7706,86.0518,85.2993,4.14711,4.63837,0.15920299999999998,2.7734,207.329,4.02768
147,VPX37904_047_2-S_HM_W_Left,Extended,0.238983,17.3746,17.1145,1.1051600000000001,1.10504,45.6941,45.6893,87.3834,87.0673,4.21128,4.71014,0.22021500000000002,2.80914,185.91099999999997,4.50111
148,VPX35720_001_2-S_HM_E_Left,Quick,,,,,,,,68.3033,70.1055,3.29175,3.68169,0.326721,2.72752,234.18400000000003,3618.9403895067603
149,VPX35720_001_2-S_HM_W_Left,Quick,,,,,,,,68.3363,68.2817,3.29334,3.6834599999999997,0.43771099999999996,2.7406,233.78099999999998,3625.1788476234206
150,VPX35720_011_2-S_HM_E_Left,Quick,,,,,,,,67.5561,68.3688,3.25575,3.64141,0.401999,2.75305,231.77200000000002,3656.6019026295294
151,VPX35720_011_2-S_HM_W_Left,Quick,,,,,,,,68.9296,68.3958,3.3219300000000005,3.71544,0.596738,2.75452,235.375,3600.6285126978296
152,VPX35720_018_2-S_HM_E_Left,Quick,,,,,,,,67.256,67.6996,3.2412799999999997,3.62523,0.47894,2.73864,231.74900000000002,3656.96480319764
153,VPX35720_018_2-S_HM_W_Left,Quick,,,,,,,,67.9408,69.0464,3.27429,3.66215,0.6281720000000001,2.76257,232.83700000000002,3639.8765495872703
154,VPX35720_029_2-S_HM_E_Left,Quick,,,,,,,,79.9706,79.5443,3.8540400000000004,4.31058,0.358209,2.7707900000000003,208.613,4062.53654458855
155,VPX35720_029_2-S_HM_W_Left,Quick,,,,,,,,80.1332,80.3141,3.86188,4.31934,0.530519,2.80117,206.09900000000002,4112.0914520509605
156,VPX35720_044_2-S_HM_E_Left,Quick,,,,,,,,78.7763,78.3513,3.7964800000000003,4.2462,0.36512,2.76757,208.157,4071.4361572094704
157,VPX35720_044_2-S_HM_W_Left,Quick,,,,,,,,88.85700000000001,87.2157,4.2823,4.789569999999999,0.058880999999999996,2.8960000000000004,204.838,4137.405833762539
158,VPX35720_008_2-S_HM_E_Left,Extended,0.255207,16.7027,16.7505,1.23022,1.23662,46.7769,47.0199,66.6407,66.0151,3.21163,3.5920699999999997,0.404978,2.74021,237.13400000000001,3573.91996160926
159,VPX35720_008_2-S_HM_W_Left,Extended,0.258779,17.6826,17.4166,1.21628,1.21302,46.5124,46.3875,68.1179,70.0695,3.2828199999999996,3.6716900000000003,0.573645,2.7509,238.332,3555.95528999988
160,VPX35720_015_2-S_HM_E_Left,Extended,0.255247,16.2477,16.7003,1.24369,1.2411299999999998,46.2348,46.1398,68.5284,67.8795,3.3026,3.6938199999999997,0.298028,2.74036,234.03400000000002,3621.25988606891
161,VPX35720_015_2-S_HM_W_Left,Extended,0.251529,17.3758,17.1833,1.2031100000000001,1.20553,46.6727,46.7663,65.1571,65.0072,3.14013,3.5121,0.605614,2.75726,238.282,3556.7014553187
162,VPX35720_034_2-S_HM_E_Left,Extended,0.25485,17.3373,17.083,1.25442,1.25175,46.8294,46.7296,84.6181,84.2695,4.07801,4.5610800000000005,0.295665,2.77426,202.157,4192.27598438961
163,VPX35720_034_2-S_HM_W_Left,Extended,0.25808000000000003,17.6033,17.4493,1.24924,1.2529,46.1571,46.2925,82.9256,84.0832,3.99645,4.46986,0.129431,2.8428299999999997,189.375,4475.236626673271
164,VPX35720_049_2-S_HM_E_Left,Extended,0.255859,17.1553,17.0165,1.23322,1.24007,46.7537,47.0133,79.1275,78.8385,3.8134099999999997,4.26513,0.288566,2.7599299999999998,208.53400000000002,4064.0755760511497
165,VPX35720_049_2-S_HM_W_Left,Extended,0.258073,17.3746,17.1705,1.23089,1.23126,46.4703,46.4843,78.7938,79.3898,3.7973199999999996,4.24714,0.46551099999999995,2.81281,204.635,4141.51018240404
166,VPX37400_006_2-S_HM_E_Left,Extended,0.25379,17.5391,17.7293,2.4855099999999997,1.22846,95.1819,47.0437,73.0724,72.4531,3.52159,3.93875,0.190408,2.79648,223.13299999999998,3.80805
167,VPX37400_006_2-S_HM_W_Left,Extended,0.250934,17.342,17.23,1.16373,1.15641,46.1802,45.8899,71.6017,72.2801,3.45071,3.8594699999999995,0.178251,2.8015,228.695,3.71286
168,VPX37400_019_2-S_HM_E_Left,Extended,0.259115,17.8459,17.5333,1.22095,1.22032,47.6744,47.6498,73.1406,72.8283,3.5248800000000005,3.9424300000000003,0.18625999999999998,2.78924,227.87599999999998,3.7494699999999996
169,VPX37400_019_2-S_HM_W_Left,Extended,0.254934,17.4913,17.678,1.17727,1.1638899999999999,45.6117,45.0932,73.3286,73.1188,3.5339400000000003,3.95256,0.167872,2.78776,230.138,3.71775
170,VPX37400_049_2-S_HM_E_Left,Extended,0.256098,17.7526,17.7526,1.21051,1.2218200000000001,45.326,45.7497,72.9728,73.2264,3.5167900000000003,3.93338,0.21095500000000003,2.7960700000000003,223.359,3.83321
171,VPX37400_049_2-S_HM_W_Left,Extended,0.251104,17.4878,17.3198,1.16359,1.15047,47.4797,46.9446,71.9165,72.2942,3.4658900000000004,3.87645,0.19808599999999998,2.77238,229.144,3.69791
172,VPX37400_003_2-S_HM_E_Left,Quick,,,,,,,,72.4913,72.0338,3.49359,3.90743,0.17286500000000002,2.78698,228.227,3.7411199999999996
173,VPX37400_003_2-S_HM_W_Left,Quick,,,,,,,,72.5967,72.9142,3.4986699999999997,3.9131099999999996,0.19308599999999998,2.79198,225.583,3.79019
174,VPX37400_015_2-S_HM_E_Left,Quick,,,,,,,,73.6817,73.2993,3.55096,3.97159,0.183389,2.80824,224.21,3.8186699999999996
175,VPX37400_015_2-S_HM_W_Left,Quick,,,,,,,,73.0409,72.98100000000001,3.5200699999999996,3.93705,0.168459,2.78512,218.71099999999998,3.8743
176,VPX37400_027_2-S_HM_E_Left,Quick,,,,,,,,78.9709,78.7294,3.80586,4.25669,0.18501900000000002,2.81557,202.227,4.23378
177,VPX37400_027_2-S_HM_W_Left,Quick,,,,,,,,77.4737,79.5488,3.7337,4.1759900000000005,0.195294,2.8033099999999997,217.062,3.94715
178,VPX37400_037_2-S_HM_E_Left,Quick,,,,,,,,78.2118,78.5813,3.76928,4.21577,0.18196800000000002,2.7906,215.52,3.93439
179,VPX37400_037_2-S_HM_W_Left,Quick,,,,,,,,77.0644,76.6435,3.7139800000000003,4.15393,0.182725,2.78757,215.108,3.93646
180,VPX37905_004_2-S_HM_E_Left,Quick,,,,,,,,80.0681,79.6675,3.85874,4.31583,0.044908300000000005,2.74776,190.25099999999998,4.26727
181,VPX37905_004_2-S_HM_W_Left,Quick,,,,,,,,79.4022,79.5954,3.82665,4.27994,0.211788,2.7856,218.90400000000002,3.7139800000000003
182,VPX37905_015_2-S_HM_E_Left,Quick,,,,,,,,79.4853,78.9314,3.83065,4.28442,0.186625,2.77588,194.463,4.24925
183,VPX37905_015_2-S_HM_W_Left,Quick,,,,,,,,80.37899999999999,80.2846,3.8737199999999996,4.33259,0.174803,2.78895,213.40200000000002,3.89666
184,VPX37905_031_2-S_HM_E_Left,Quick,,,,,,,,81.2452,81.0728,3.91546,4.3792800000000005,0.149506,2.77319,201.30900000000003,4.15682
185,VPX37905_031_2-S_HM_W_Left,Quick,,,,,,,,81.058,80.5228,3.9064400000000004,4.369190000000001,0.163581,2.77005,228.503,3.67748
186,VPX37905_043_2-S_HM_E_Left,Quick,,,,,,,,84.9762,84.7446,4.095269999999999,4.58039,0.158149,2.7719,190.91099999999997,4.42002
187,VPX37905_043_2-S_HM_W_Left,Quick,,,,,,,,84.3182,84.8532,4.06356,4.544919999999999,0.0583184,2.77529,205.345,4.1179
188,VPX37905_010_2-S_HM_E_Left,Extended,0.23502699999999999,16.5557,16.4728,1.20451,1.1931100000000001,44.9697,44.5441,81.7089,82.4981,3.93781,4.4042699999999995,0.197756,2.77867,192.03900000000002,4.36661
189,VPX37905_010_2-S_HM_W_Left,Extended,0.24506599999999998,17.2545,17.1133,1.15324,1.1621,45.049,45.3953,83.1923,84.0374,4.0093,4.48423,0.241567,2.78957,205.614,4.0897
190,VPX37905_021_2-S_HM_E_Left,Extended,0.242588,16.6397,16.5312,1.1886,1.18652,45.8381,45.758,82.28200000000001,83.2817,3.9654300000000005,4.435169999999999,0.110779,2.77893,196.93,4.2670699999999995
191,VPX37905_021_2-S_HM_W_Left,Extended,0.25064200000000003,17.272000000000002,17.1693,1.15715,1.1538,46.7004,46.5652,83.5446,83.215,4.02628,4.50322,0.10122,2.78645,210.04,4.01748
192,VPX37905_049_2-S_HM_E_Left,Extended,0.24828000000000003,16.5568,16.5685,1.18652,1.18391,46.3645,46.2624,84.2758,84.9585,4.06152,4.54263,0.21411999999999998,2.7760700000000003,191.827,4.42033
193,VPX37905_049_2-S_HM_W_Left,Extended,0.253181,17.2883,17.1506,1.15052,1.15201,46.3412,46.4013,84.8462,84.5858,4.08901,4.57338,0.122179,2.78588,201.11,4.23969
194,VPX35954_001_PSS_HM_E_Left,Quick,,,,,,,,70.9456,71.0196,3.41909,3.8241099999999997,0.45432,2.76867,227.87599999999998,3719.1188899939
195,VPX35954_001_PSS_HM_W_Left,Quick,,,,,,,,71.1641,71.3602,3.4296300000000004,3.83589,0.27115500000000003,2.77736,222.47099999999998,3809.4760044062
196,VPX35954_015_PSS_HM_E_Left,Quick,,,,,,,,70.7865,70.9656,3.41143,3.81554,0.3767,2.78429,224.97,3767.15978208761
197,VPX35954_015_PSS_HM_W_Left,Quick,,,,,,,,71.1689,71.2055,3.4298599999999997,3.83615,0.272241,2.76493,226.13299999999998,3747.78531296295
198,VPX35954_031_PSS_HM_E_Left,Quick,,,,,,,,71.2364,71.0473,3.4331099999999997,3.8397900000000003,0.06986,2.7982099999999996,245.49,3452.27070828242
199,VPX35954_031_PSS_HM_W_Left,Quick,,,,,,,,68.6609,69.3932,3.30899,3.70096,0.245428,2.77405,219.005,3869.76523904135
200,VPX35954_038_PSS_HM_E_Left,Quick,,,,,,,,69.9018,69.513,3.36879,3.76785,0.43075699999999995,2.75674,229.47,3693.2842470747796
201,VPX35954_038_PSS_HM_W_Left,Quick,,,,,,,,70.5068,71.3049,3.39795,3.8004599999999997,0.234006,2.74743,229.58,3691.51466232359
202,VPX35954_042_PSS_HM_E_Left,Quick,,,,,,,,71.8237,71.4653,3.46141,3.87144,0.424408,2.77783,227.769,3720.86603609908
203,VPX35954_042_PSS_HM_W_Left,Quick,,,,,,,,71.5974,71.0055,3.45051,3.85925,0.266604,2.74871,225.678,3755.3413987019103
204,VPX35954_010_PSS_HM_E_Left,Extended,0.23228600000000002,17.37,17.1623,1.22812,1.23161,46.8054,46.9384,70.3778,71.093,3.3917300000000004,3.79351,0.643543,2.75452,226.804,3736.69748406664
205,VPX35954_010_PSS_HM_W_Left,Extended,0.264964,17.7118,17.6371,1.22655,1.20907,47.2087,46.536,72.0183,70.805,3.47079,3.88193,0.351637,2.75762,217.442,3897.5815903838793
206,VPX35954_021_PSS_HM_E_Left,Extended,0.25769200000000003,17.3793,17.3338,1.23832,1.23024,46.9497,46.6432,71.9312,70.7612,3.46659,3.87724,0.45035,2.79336,227.729,3721.5195964337
207,VPX35954_021_PSS_HM_W_Left,Extended,0.257477,17.4621,18.1178,1.21948,1.21004,46.7331,46.3714,70.5181,70.7273,3.3984900000000002,3.8010699999999997,0.083487,2.74086,232.915,3638.6576054622997
208,VPX35954_034_PSS_HM_E_Left,Extended,0.25858000000000003,17.2685,17.3,1.23466,1.23231,46.9382,46.8491,71.6083,71.7114,3.4510300000000003,3.85983,0.521081,2.79871,221.96400000000003,3818.17743497257
209,VPX35954_034_PSS_HM_W_Left,Extended,0.257805,17.4446,17.2568,1.207,1.19744,45.7779,45.4155,69.2403,69.1826,3.33691,3.73219,0.22583499999999998,2.7454,225.342,3760.9408640033794
210,VPX35954_046_PSS_HM_E_Left,Extended,0.25531,17.1833,17.1285,1.23126,1.21878,47.7912,47.3067,70.7763,69.5909,3.41094,3.8149900000000003,0.48771000000000003,2.75319,226.503,3741.6631840472296
211,VPX35954_046_PSS_HM_W_Left,Extended,0.257143,17.6371,17.531,1.2217,1.2103899999999999,46.5002,46.0699,70.55199999999999,71.1994,3.4001300000000003,3.8029,0.315944,2.7438599999999997,223.81900000000002,3786.5325829185704
212,VPX36793_007_PSS_HM_E_Left,Extended,0.25692600000000004,17.7526,17.6336,1.30346,1.30987,45.0732,45.2946,78.8775,78.5068,3.80136,4.25166,0.4327,2.8111,230.558,3.7237699999999996
213,VPX36793_007_PSS_HM_W_Left,Extended,0.254465,18.4339,17.7176,1.25645,1.25918,45.8194,45.919,77.5206,77.2549,3.7359699999999996,4.17852,0.517523,2.78193,220.77900000000002,3.8833599999999997
214,VPX36793_021_PSS_HM_E_Left,Extended,0.253127,17.7246,17.5846,1.31326,1.3135,46.5077,46.516000000000005,75.5686,76.5656,3.64189,4.0733,0.08864,2.81067,231.896,3.6819300000000004
215,VPX36793_021_PSS_HM_W_Left,Extended,0.257278,17.9579,17.9568,1.25882,1.25865,46.0224,46.0164,76.0703,75.9426,3.6660699999999995,4.10034,0.402629,2.7760000000000002,264.074,3.22212
216,VPX36793_048_PSS_HM_E_Left,Extended,0.256152,17.6208,17.3968,1.30264,1.3016,46.9458,46.9084,76.6817,76.0481,3.6955400000000003,4.1333,0.33673600000000004,2.77895,210.122,4.04385
217,VPX36793_048_PSS_HM_W_Left,Extended,0.26311,18.0128,17.797,1.26061,1.25199,46.1866,45.8707,76.5701,77.3071,3.6901599999999997,4.127280000000001,0.458153,2.75052,211.795,4.00636
218,VPX36793_003_PSS_HM_E_Left,Quick,,,,,,,,70.8865,71.6986,3.41624,3.8209199999999996,0.379318,2.77814,221.38400000000001,3.7535300000000005
219,VPX36793_003_PSS_HM_W_Left,Quick,,,,,,,,71.4699,72.0918,3.4443599999999996,3.8523699999999996,0.415621,2.76852,216.38099999999997,3.89433
220,VPX36793_018_PSS_HM_E_Left,Quick,,,,,,,,75.2614,75.6864,3.62709,4.0567400000000005,0.361854,2.81007,221.66299999999998,3.85457
221,VPX36793_018_PSS_HM_W_Left,Quick,,,,,,,,75.5168,75.8704,3.63939,4.07051,0.43087,2.7930200000000003,222.426,3.85196
222,VPX36793_029_PSS_HM_E_Left,Quick,,,,,,,,74.1409,73.8536,3.57309,3.99634,0.520526,2.7839,209.97,4.03558
223,VPX36793_029_PSS_HM_W_Left,Quick,,,,,,,,74.7761,74.8514,3.6037,4.0305800000000005,0.615795,2.7581900000000004,216.639,3.9385199999999996
224,VPX36793_038_PSS_HM_E_Left,Quick,,,,,,,,75.687,76.7488,3.6476,4.079680000000001,0.412546,2.7751900000000003,211.541,4.04736
225,VPX36793_038_PSS_HM_W_Left,Quick,,,,,,,,76.4861,77.2679,3.6861099999999998,4.1227599999999995,0.38805500000000004,2.77107,212.15900000000002,4.0439300000000005
226,VPX38869_012_2-S_HM_E_Left,Quick,,,,,,,,90.0565,90.5209,4.34011,4.85423,0.19998,2.82324,189.55900000000003,4.52606
227,VPX38869_012_2-S_HM_W_Left,Quick,,,,,,,,87.5104,87.9462,4.21741,4.71699,0.24346500000000001,2.7971,190.77900000000002,4.42615
228,VPX38869_022_2-S_HM_E_Left,Quick,,,,,,,,93.0288,95.0375,4.48336,5.0144400000000005,0.248592,2.8211,180.305,4.72238
229,VPX38869_022_2-S_HM_W_Left,Quick,,,,,,,,94.2605,94.4196,4.54271,5.080830000000001,0.370147,2.78288,178.835,4.77107
230,VPX38869_038_2-S_HM_E_Left,Quick,,,,,,,,88.2817,88.8161,4.254580000000001,4.75856,0.24874200000000002,2.81005,189.908,4.50842
231,VPX38869_038_2-S_HM_W_Left,Quick,,,,,,,,88.8662,88.1608,4.28274,4.79007,0.226377,2.781,193.733,4.36471
232,VPX38869_047_2-S_HM_E_Left,Quick,,,,,,,,87.9008,86.3131,4.236219999999999,4.73803,0.199803,2.7825,192.63,4.39886
233,VPX38869_047_2-S_HM_W_Left,Quick,,,,,,,,88.6488,89.833,4.27227,4.77835,0.206792,2.79298,189.798,4.47688
234,VPX38869_005_2-S_HM_E_Left,Extended,0.252558,17.0923,17.1471,1.28837,1.29416,45.9614,46.1679,89.4562,89.6409,4.31118,4.82187,0.21602600000000002,2.81431,188.38099999999997,4.55437
235,VPX38869_005_2-S_HM_W_Left,Extended,0.25995300000000005,17.083,17.4073,1.25024,1.24854,46.2932,46.2301,88.6054,90.3906,4.27018,4.776009999999999,0.233237,2.8223599999999998,189.08,4.54065
236,VPX38869_025_2-S_HM_E_Left,Extended,0.24015999999999998,17.180999999999997,17.1483,1.2940399999999999,1.29334,46.7859,46.7606,92.8221,93.5079,4.47339,5.0033,0.239575,2.79855,180.838,4.71172
237,VPX38869_025_2-S_HM_W_Left,Extended,0.244446,17.4913,17.3781,1.23838,1.25265,46.4308,46.9657,91.8527,92.0062,4.42668,4.95105,0.194688,2.8355200000000003,179.232,4.7769699999999995
238,VPX38869_048_2-S_HM_E_Left,Extended,0.234771,17.2265,17.0025,1.27534,1.27793,46.5967,46.6913,92.6518,93.0027,4.46518,4.99412,0.202862,2.8153799999999998,178.947,4.75165
239,VPX38869_048_2-S_HM_W_Left,Extended,0.242258,17.7911,17.7281,1.24434,1.23999,45.9026,45.742,95.294,94.1425,4.5925199999999995,5.13654,0.210562,2.8307900000000004,181.24200000000002,4.72074
240,VPX35716_001_2-S_HM_E_Left,Quick,,,,,,,,69.5349,69.7843,3.35111,3.74807,0.39531900000000003,2.76471,222.765,3804.44834770386
241,VPX35716_001_2-S_HM_W_Left,Quick,,,,,,,,69.8291,69.6582,3.3652900000000003,3.76393,0.309339,2.7534799999999997,216.36599999999999,3916.9644776732503
242,VPX35716_010_2-S_HM_E_Left,Quick,,,,,,,,69.2415,69.9413,3.3369699999999995,3.7322599999999997,0.501875,2.78048,224.49599999999998,3775.11374891424
243,VPX35716_010_2-S_HM_W_Left,Quick,,,,,,,,69.8107,70.3415,3.3644,3.76294,0.443812,2.7681400000000003,225.359,3760.65715669776
244,VPX35716_022_2-S_HM_E_Left,Quick,,,,,,,,67.6029,67.7607,3.258,3.64393,0.6877409999999999,2.75983,227.03,3732.97773940118
245,VPX35716_022_2-S_HM_W_Left,Quick,,,,,,,,68.6757,68.59100000000001,3.3097,3.7017599999999997,0.414825,2.76598,230.477,3677.1475512795205
246,VPX35716_041_2-S_HM_E_Left,Quick,,,,,,,,68.8713,68.7824,3.3191300000000004,3.7123,0.604196,2.75219,219.989,3852.45596905414
247,VPX35716_041_2-S_HM_W_Left,Quick,,,,,,,,68.6395,68.9053,3.30795,3.69981,0.482811,1.79267,288.95099999999996,2933.01610368627
248,VPX35716_049_2-S_HM_E_Left,Quick,,,,,,,,69.8473,70.1534,3.36616,3.76491,0.49791199999999997,2.74693,232.329,3647.8353377161297
249,VPX35716_049_2-S_HM_W_Left,Quick,,,,,,,,70.7673,69.6477,3.4105,3.8145,0.387606,2.74748,233.834,3624.35717721226
250,VPX35716_004_2-S_HM_E_Left,Extended,0.26856599999999997,17.1005,16.9325,1.1764700000000001,1.20515,44.7396,45.8305,70.3477,69.1991,3.39028,3.7918800000000004,0.477253,2.74483,227.637,3723.02365685829
251,VPX35716_004_2-S_HM_W_Left,Extended,0.266857,17.3886,17.3793,1.19546,1.1839899999999999,46.4075,45.9623,69.6742,69.8973,3.35782,3.75558,0.44790399999999997,2.74598,226.58700000000002,3740.2760801645795
252,VPX35716_017_2-S_HM_E_Left,Extended,0.262878,17.4026,17.1471,1.21799,1.22446,46.1834,46.4289,69.8028,69.2613,3.3640199999999996,3.76251,0.148566,2.72931,206.09799999999998,4112.11140416817
253,VPX35716_017_2-S_HM_W_Left,Extended,0.26398299999999997,17.4038,17.6395,1.20919,1.20085,46.7983,46.4755,71.1664,71.5993,3.4297400000000002,3.83601,0.319257,2.7489,227.308,3728.41226959126
254,VPX35716_031_2-S_HM_E_Left,Extended,0.264991,17.37,17.2265,1.21897,1.2197,46.4058,46.4338,71.8622,71.8518,3.4632699999999996,3.8735199999999996,0.518648,2.77471,212.13,3995.18189872366
255,VPX35716_031_2-S_HM_W_Left,Extended,0.26934400000000003,17.706,17.5566,1.2003,1.1998,46.3396,46.3202,73.4252,72.8564,3.5386,3.9577699999999996,0.44331099999999996,2.7696,211.071,4015.2268012955396
256,VPX35716_045_2-S_HM_E_Left,Extended,0.254786,17.3863,17.250999999999998,1.2304700000000002,1.22661,47.0415,46.8939,70.6888,70.253,3.4067199999999995,3.8102699999999996,0.519714,2.74455,228.665,3706.28620985394
257,VPX35716_045_2-S_HM_W_Left,Extended,0.259349,17.7468,17.7526,1.21745,1.21179,47.0662,46.8475,69.4074,68.9184,3.34496,3.7412,0.051897000000000006,2.97855,219.803,3855.71596464221
258,VPX36243_005_2-S_HM_E_Left,Extended,0.237724,16.3993,16.18,1.2509299999999999,1.24637,46.7262,46.5558,63.39,63.5701,3.05497,3.41685,0.8466049999999999,2.73467,247.967,3.42194
259,VPX36243_005_2-S_HM_W_Left,Extended,0.24561,16.831,16.6245,1.20554,1.2034,46.5172,46.4349,64.3091,64.2903,3.0992599999999997,3.46639,0.525135,2.75429,241.243,3.576
260,VPX36243_015_2-S_HM_E_Left,Extended,0.24016500000000002,16.6128,16.6432,1.2450299999999999,1.24726,46.5376,46.6209,63.7153,63.6536,3.07064,3.4343800000000004,0.780338,2.75821,246.11599999999999,3.5486199999999997
261,VPX36243_015_2-S_HM_W_Left,Extended,0.248067,16.9978,16.852,1.20354,1.20885,46.4998,46.7049,63.795,63.613,3.07449,3.43868,0.513439,2.73926,250.47099999999998,3.50359
262,VPX36243_026_2-S_HM_E_Left,Extended,0.238581,16.6502,16.3807,1.27108,1.26171,46.1378,45.7978,65.5124,65.4313,3.15725,3.53125,0.79215,2.75195,248.995,3.4527900000000002
263,VPX36243_026_2-S_HM_W_Left,Extended,0.244952,16.6595,16.579,1.19743,1.20259,46.0258,46.224,65.54,65.2316,3.1585799999999997,3.53274,0.254307,2.71295,254.52700000000002,3.3707800000000003
264,VPX36243_035_2-S_HM_E_Left,Extended,0.236033,16.4565,16.2885,1.25549,1.25461,46.645,46.6121,63.3391,63.713,3.05251,3.41411,0.8800969999999999,2.8056400000000004,243.955,3.5023400000000002
265,VPX36243_035_2-S_HM_W_Left,Extended,0.24223699999999998,16.6735,16.607,1.19375,1.20012,46.2738,46.5207,62.2752,62.7366,3.00124,3.35676,0.528656,2.73745,241.71599999999998,3.5274699999999997
266,VPX36243_003_2-S_HM_E_Left,Quick,,,,,,,,63.3184,63.2492,3.05151,3.41299,0.548725,2.7119999999999997,247.53799999999998,3.44213
267,VPX36243_003_2-S_HM_W_Left,Quick,,,,,,,,64.5911,64.3188,3.11285,3.48159,0.455926,2.73643,241.012,3.56716
268,VPX36243_011_2-S_HM_E_Left,Quick,,,,,,,,62.3606,62.2447,3.00535,3.36136,0.7205560000000001,2.7450200000000002,247.834,3.43089
269,VPX36243_011_2-S_HM_W_Left,Quick,,,,,,,,62.1793,62.3363,2.99662,3.3515900000000003,0.388315,2.72055,251.237,3.3867599999999998
270,VPX36243_020_2-S_HM_E_Left,Quick,,,,,,,,63.1795,63.4477,3.04482,3.4055,0.749578,2.77845,245.886,3.46046
271,VPX36243_020_2-S_HM_W_Left,Quick,,,,,,,,63.2481,63.7974,3.04813,3.4092,0.438646,2.72812,246.815,3.44743
272,VPX36243_031_2-S_HM_E_Left,Quick,,,,,,,,61.4208,61.6511,2.96007,3.31071,0.789622,2.76655,247.583,3.43675
273,VPX36243_031_2-S_HM_W_Left,Quick,,,,,,,,60.8628,61.5686,2.93317,3.2806300000000004,0.421012,2.7129,256.788,3.31126
274,VPX36243_040_2-S_HM_E_Left,Quick,,,,,,,,62.7335,62.6016,3.02333,3.3814599999999997,0.7637970000000001,2.76198,255.417,3.3267300000000004
275,VPX36243_040_2-S_HM_W_Left,Quick,,,,,,,,63.0543,62.3119,3.03879,3.39875,0.575104,2.71729,248.09599999999998,3.4249
276,VPX35721_002_2-S_HM_E_Left,Extended,0.25735,17.258,17.1798,1.29098,1.30782,46.4621,47.068000000000005,74.4621,74.9896,3.58857,4.01366,0.219942,2.76171,235.14700000000002,3604.1197045943604
277,VPX35721_002_2-S_HM_W_Left,Extended,0.264751,17.6313,17.3793,1.27925,1.29003,46.3359,46.7263,75.6265,75.8574,3.64468,4.07642,0.562592,2.8244,217.59799999999998,3894.7873426053998
278,VPX35721_012_2-S_HM_E_Left,Extended,0.254605,17.4166,17.1553,1.29189,1.30292,46.683,47.0814,76.6359,75.6705,3.6933300000000004,4.1308300000000004,0.296546,2.76593,229.062,3699.86264057875
279,VPX35721_012_2-S_HM_W_Left,Extended,0.259361,17.5251,17.7153,1.27519,1.2893299999999999,46.3452,46.8591,75.4707,75.54899999999999,3.63717,4.06802,0.558469,2.86298,216.84,3908.40221442654
280,VPX35721_020_2-S_HM_E_Left,Extended,0.24168,16.9803,16.9266,1.26976,1.27186,46.827,46.9044,72.5682,71.9238,3.49729,3.9115699999999998,0.30600700000000003,2.7665,231.732,3657.23308035252
281,VPX35721_020_2-S_HM_W_Left,Extended,0.249038,17.3863,17.244,1.26542,1.2529299999999999,47.203,46.736999999999995,73.8458,73.1701,3.5588599999999997,3.98044,0.5466810000000001,2.8248599999999997,221.415,3827.6446319185707
282,VPX35721_033_2-S_HM_E_Left,Extended,0.247552,17.0981,16.9406,1.27719,1.28093,46.8091,46.9459,73.0474,73.22399999999999,3.5203800000000003,3.9374,0.240306,2.74657,219.328,3864.0663124464295
283,VPX35721_033_2-S_HM_W_Left,Extended,0.250372,17.1331,17.1133,1.27095,1.27445,45.9508,46.0773,73.0758,72.6056,3.52175,3.9389300000000005,0.5357729999999999,2.86936,205.00099999999998,4134.11610761045
284,VPX35721_006_2-S_HM_E_Left,Quick,,,,,,,,75.1682,75.6398,3.62259,4.0517199999999995,0.336856,2.76421,220.766,3838.8970048660203
285,VPX35721_006_2-S_HM_W_Left,Quick,,,,,,,,75.9347,76.0081,3.6595400000000002,4.093030000000001,0.5106,2.8108299999999997,217.63299999999998,3894.16097823515
286,VPX35721_016_2-S_HM_E_Left,Quick,,,,,,,,74.1401,74.1284,3.57305,3.9963,0.29026799999999997,2.7962599999999997,220.977,3835.2314321230297
287,VPX35721_016_2-S_HM_W_Left,Quick,,,,,,,,75.3394,74.4442,3.63085,4.06095,0.07205800000000001,2.9666200000000003,239.26,3542.1630702008297
288,VPX35721_025_2-S_HM_E_Left,Quick,,,,,,,,71.4787,72.7837,3.4447900000000002,3.85285,0.237577,2.77267,240.185,3528.52149874576
289,VPX35721_025_2-S_HM_W_Left,Quick,,,,,,,,69.8408,69.8014,3.36585,3.76456,0.5586800000000001,2.79929,225.99599999999998,3750.0572407310297
290,VPX35721_039_2-S_HM_E_Left,Quick,,,,,,,,72.2599,72.1899,3.4824300000000004,3.89495,0.36342199999999997,2.76483,215.137,3939.34068140883
291,VPX35721_039_2-S_HM_W_Left,Quick,,,,,,,,72.1182,72.923,3.4756099999999996,3.88732,0.587346,2.84348,216.325,3917.70685855195
292,VPX35721_047_2-S_HM_E_Left,Quick,,,,,,,,75.5978,75.4321,3.6433,4.07488,0.274636,2.76452,228.102,3715.43404343781
293,VPX35721_047_2-S_HM_W_Left,Quick,,,,,,,,75.6344,74.9202,3.64506,4.07685,0.089796,2.86895,212.929,3980.1902802166496
294,VPX38870_005_2-S_HM_E_Left,Quick,,,,,,,,86.1287,85.3791,4.15081,4.64251,0.162923,2.79324,207.081,4.10039
295,VPX38870_005_2-S_HM_W_Left,Quick,,,,,,,,87.3789,87.6449,4.211069999999999,4.7099,0.196379,2.81198,190.862,4.44885
296,VPX38870_019_2-S_HM_E_Left,Quick,,,,,,,,87.3518,85.654,4.20976,4.70844,0.187377,2.8028299999999997,235.03,3.6153
297,VPX38870_019_2-S_HM_W_Left,Quick,,,,,,,,86.5339,86.4725,4.17034,4.66435,0.324011,2.8064299999999998,213.31900000000002,3.95571
298,VPX38870_035_2-S_HM_E_Left,Quick,,,,,,,,89.0412,89.288,4.291180000000001,4.7995,0.261391,2.80305,193.65599999999998,4.37556
299,VPX38870_035_2-S_HM_W_Left,Quick,,,,,,,,89.84299999999999,88.5456,4.32982,4.84272,0.305775,2.7986,185.805,4.5731
300,VPX38870_044_2-S_HM_E_Left,Quick,,,,,,,,91.6561,90.0587,4.4172,4.94045,0.18476900000000002,2.78505,210.99099999999999,4.049519999999999
301,VPX38870_044_2-S_HM_W_Left,Quick,,,,,,,,90.84100000000001,91.7195,4.37792,4.89651,0.29646500000000003,2.80993,184.952,4.61646
302,VPX38870_013_2-S_HM_E_Left,Extended,0.250103,16.9873,16.859,1.1861,1.18618,46.2538,46.257,87.2818,86.9632,4.20639,4.70467,0.211948,2.7816400000000003,236.107,3.59881
303,VPX38870_013_2-S_HM_W_Left,Extended,0.254931,17.1693,17.23,1.14259,1.14648,46.2882,46.4461,85.777,86.994,4.13387,4.62355,0.309609,2.78507,211.205,4.01476
304,VPX38870_026_2-S_HM_E_Left,Extended,0.24788000000000002,17.0596,16.8858,1.18403,1.19459,45.9525,46.3627,89.8745,91.1127,4.33134,4.8444199999999995,0.168907,2.78669,203.493,4.166919999999999
305,VPX38870_026_2-S_HM_W_Left,Extended,0.256841,17.3665,17.4166,1.15926,1.16464,46.5702,46.7863,90.3494,90.7806,4.35423,4.870019999999999,0.307014,2.80226,185.372,4.59965
306,VPX38870_034_2-S_HM_E_Left,Extended,0.247536,17.097,16.8368,1.18461,1.18828,46.0311,46.1739,88.0705,89.2635,4.2444,4.74718,0.164327,2.77979,209.215,4.05016
307,VPX38870_034_2-S_HM_W_Left,Extended,0.257188,17.6511,17.58,1.1567100000000001,1.1588,46.7684,46.8529,89.6373,88.6112,4.3199,4.8316300000000005,0.33161599999999997,2.79488,188.24400000000003,4.52634
308,VPX37401_005_2-S_HM_E_Left,Quick,,,,,,,,78.282,77.9685,3.7726599999999997,4.2195599999999995,0.220835,2.7689999999999997,210.718,4.01847
309,VPX37401_005_2-S_HM_W_Left,Quick,,,,,,,,78.0271,77.765,3.7603699999999995,4.20582,0.335181,2.94517,187.72400000000002,4.50131
310,VPX37401_014_2-S_HM_E_Left,Quick,,,,,,,,73.8441,74.0586,3.5587800000000005,3.98035,0.198356,2.75933,216.283,3.9015
311,VPX37401_014_2-S_HM_W_Left,Quick,,,,,,,,74.0481,73.4817,3.56861,3.99134,0.323625,2.95681,194.71400000000003,4.34574
312,VPX37401_028_2-S_HM_E_Left,Quick,,,,,,,,75.2546,73.6972,3.62676,4.056369999999999,0.201149,2.74693,219.907,3.86124
313,VPX37401_028_2-S_HM_W_Left,Quick,,,,,,,,74.8959,74.0196,3.6094699999999995,4.03704,0.291404,3.05619,190.032,4.47755
314,VPX37401_035_2-S_HM_E_Left,Quick,,,,,,,,72.7729,73.8512,3.50716,3.9226099999999997,0.320729,2.75336,216.858,3.93725
315,VPX37401_035_2-S_HM_W_Left,Quick,,,,,,,,74.2688,73.9013,3.57925,4.00324,0.3271,2.97981,193.877,4.39484
316,VPX37401_009_2-S_HM_E_Left,Extended,0.26422399999999996,17.7526,17.6838,1.2161899999999999,1.21869,46.4144,46.5097,79.0981,79.3011,3.81199,4.26355,0.132773,2.74064,210.45,4.01243
317,VPX37401_009_2-S_HM_W_Left,Extended,0.25590300000000005,17.2638,17.180999999999997,1.0447899999999999,1.15493,42.1222,46.5628,79.0115,79.5011,3.80781,4.25888,0.33323,2.97086,182.955,4.59621
318,VPX37401_026_2-S_HM_E_Left,Extended,0.268636,17.7165,17.4201,1.21702,1.21109,46.175,45.9502,72.4478,72.9437,3.49149,3.9050800000000003,0.162482,2.7418299999999998,218.27,3.85793
319,VPX37401_026_2-S_HM_W_Left,Extended,0.26105,17.4271,17.3793,1.17276,1.18454,45.6022,46.0604,73.8904,73.5269,3.56101,3.98284,0.28916,3.0435,184.745,4.62165
320,VPX37401_041_2-S_HM_E_Left,Extended,0.25749299999999997,17.7736,17.7351,1.23746,1.23615,47.2932,47.2432,74.7319,74.9299,3.6015699999999997,4.0282,0.232942,2.7644,218.481,3.9107
321,VPX37401_041_2-S_HM_W_Left,Extended,0.252267,17.5205,17.3793,1.18179,1.18069,46.2707,46.2278,74.2348,74.4626,3.57761,4.00141,0.31942800000000005,2.9729,195.007,4.36031
322,VPX38872_042_2-S_HM_E_Left,Extended,0.25428,17.132,17.0865,1.21745,1.21885,45.5323,45.5847,87.6923,87.961,4.22617,4.72679,0.184618,2.77536,202.145,4.19761
323,VPX38872_042_2-S_HM_W_Left,Extended,0.25402399999999997,17.6126,17.3058,1.20805,1.2018,45.1362,44.903,86.861,86.4043,4.18611,4.68198,0.201779,2.78602,201.715,4.20948
324,VPX38872_037_2-S_HM_E_Left,Quick,,,,,,,,87.62299999999999,86.8459,4.22283,4.72306,0.174794,2.7889999999999997,195.075,4.35577
325,VPX38872_037_2-S_HM_W_Left,Quick,,,,,,,,87.2042,86.1003,4.20265,4.700480000000001,0.192985,2.792,197.96200000000002,4.29522
326,VPX38876_005_2-S_HM_E_Left,Quick,,,,,,,,78.5387,78.7292,3.7850300000000003,4.2334,0.267142,2.7919,218.53400000000002,3.8935800000000005
327,VPX38876_005_2-S_HM_W_Left,Quick,,,,,,,,79.4713,79.0392,3.82997,4.28366,0.314977,2.8092599999999996,211.273,4.0274
328,VPX38876_027_2-S_HM_E_Left,Quick,,,,,,,,79.8593,79.7838,3.84867,4.3045800000000005,0.248665,2.78117,205.231,4.14882
329,VPX38876_027_2-S_HM_W_Left,Quick,,,,,,,,77.9673,78.1803,3.75749,4.2026,0.303532,2.78174,232.648,3.5718
330,VPX38876_034_2-S_HM_E_Left,Extended,0.259768,17.5671,17.3035,1.20515,1.2025700000000001,46.0918,45.9932,79.293,79.431,3.8213800000000004,4.27405,0.210011,2.76669,202.43900000000002,4.16253
331,VPX38876_034_2-S_HM_W_Left,Extended,0.264755,17.7643,17.664,1.17162,1.16283,46.3567,46.0086,80.9769,79.9077,3.90254,4.36482,0.363493,2.80324,200.593,4.22717
332,VPX38876_046_2-S_HM_E_Left,Extended,0.24865,17.4493,17.5158,1.21281,1.21359,45.8608,45.8903,81.4383,80.0408,3.9247699999999996,4.38969,0.248477,2.7944299999999997,201.87,4.21208
333,VPX38876_046_2-S_HM_W_Left,Extended,0.255483,17.7526,18.0139,1.16676,1.1751,46.1461,46.476000000000006,79.5807,80.0228,3.83525,4.28956,0.24898800000000001,2.79998,204.06900000000002,4.181109999999999
334,VPX38196_001_2-S_HM_E_Left,Quick,,,,,,,,76.8214,77.473,3.7022699999999995,4.14083,0.260341,2.76681,203.113,4.1256699999999995
335,VPX38196_001_2-S_HM_W_Left,Quick,,,,,,,,79.2665,78.6355,3.8201,4.27262,0.21626599999999999,2.84295,203.328,4.17897
336,VPX38196_016_2-S_HM_E_Left,Quick,,,,,,,,78.6541,78.0548,3.7905900000000003,4.2396199999999995,0.198208,2.75452,217.96599999999998,3.9361900000000003
337,VPX38196_016_2-S_HM_W_Left,Quick,,,,,,,,75.2302,76.491,3.6255800000000002,4.05506,0.201522,2.91067,197.005,4.22691
338,VPX38196_029_2-S_HM_E_Left,Quick,,,,,,,,80.3204,80.5645,3.8709,4.32943,0.189844,2.75336,204.162,4.179209999999999
339,VPX38196_029_2-S_HM_W_Left,Quick,,,,,,,,80.9635,80.3538,3.9018900000000003,4.3641,0.177724,2.92795,190.611,4.49178
340,VPX38196_030_2-S_HM_E_Left,Quick,,,,,,,,78.1736,78.5494,3.76744,4.2137199999999995,0.231963,2.76317,199.505,4.23844
341,VPX38196_030_2-S_HM_W_Left,Quick,,,,,,,,79.2722,79.07600000000001,3.82038,4.272930000000001,0.225363,2.84519,197.9,4.29657
342,VPX38196_002_2-S_HM_E_Left,Extended,0.257943,17.1238,17.1051,1.23624,1.23994,46.2791,46.4176,81.2421,81.6666,3.91532,4.37911,0.323536,2.77488,205.09,4.19484
343,VPX38196_002_2-S_HM_W_Left,Extended,0.25927,17.4166,17.1553,1.20089,1.2040799999999998,46.9431,47.0676,79.7339,80.1264,3.84263,4.29782,0.23571999999999999,2.7964,209.657,4.03601
344,VPX38196_005_2-S_HM_E_Left,Extended,0.24914,17.377,17.2883,1.07541,1.23411,39.806999999999995,45.6812,79.5667,79.9076,3.83457,4.2888,0.18096199999999998,2.75088,212.347,4.00148
345,VPX38196_005_2-S_HM_W_Left,Extended,0.253664,17.3758,17.2125,1.19797,1.19716,46.6352,46.6039,80.3206,79.1261,3.87091,4.32944,0.218306,2.91007,197.981,4.30075
346,VPX38196_019_2-S_HM_E_Left,Extended,0.23938800000000002,17.5205,17.2696,1.22712,1.235,45.8108,46.1048,79.5679,80.8376,3.83463,4.288869999999999,0.197572,2.76631,203.87599999999998,4.1879599999999995
347,VPX38196_019_2-S_HM_W_Left,Extended,0.24340799999999999,17.7526,17.6126,1.2067299999999999,1.20333,46.4905,46.3597,81.0163,80.4716,3.9044300000000005,4.3669400000000005,0.237027,2.87088,202.37400000000002,4.22779
348,VPX38199_003_2-S_HM_E_Left,Quick,,,,,,,,93.8169,96.0267,4.52134,5.05692,0.154393,2.75814,175.588,4.75243
349,VPX38199_003_2-S_HM_W_Left,Quick,,,,,,,,93.6047,94.9092,4.5111099999999995,5.04548,0.249166,2.7751200000000003,216.642,3.87612
350,VPX38199_015_2-S_HM_E_Left,Quick,,,,,,,,97.9974,98.634,4.72281,5.28226,0.153139,2.77021,173.076,4.8721
351,VPX38199_015_2-S_HM_W_Left,Quick,,,,,,,,98.98200000000001,100.318,4.7702599999999995,5.33533,0.198976,2.78079,209.49200000000002,4.03918
352,VPX38199_027_2-S_HM_E_Left,Quick,,,,,,,,87.103,87.7076,4.197769999999999,4.69503,0.200898,2.78817,189.778,4.47116
353,VPX38199_027_2-S_HM_W_Left,Quick,,,,,,,,88.5383,87.9268,4.26694,4.7724,0.35033400000000003,2.7845,198.459,4.2815
354,VPX38199_047_2-S_HM_E_Left,Quick,,,,,,,,85.4859,85.6312,4.11984,4.60786,0.228935,2.78238,194.75099999999998,4.3781300000000005
355,VPX38199_047_2-S_HM_W_Left,Quick,,,,,,,,84.8838,85.5171,4.09082,4.57541,0.370601,2.7808599999999997,220.889,3.85741
356,VPX38199_019_2-S_HM_E_Left,Extended,0.264664,17.4505,17.3641,1.22915,1.22419,45.8533,45.6683,97.3442,98.2509,4.691330000000001,5.24705,0.151282,2.7671,175.06,4.79681
357,VPX38199_019_2-S_HM_W_Left,Extended,0.265811,17.5251,17.6546,1.17878,1.18336,45.6011,45.7784,99.0287,98.7839,4.77251,5.33785,0.22060700000000003,2.7873799999999997,218.304,3.8734599999999997
358,VPX38199_039_2-S_HM_E_Left,Extended,0.25951399999999997,17.7526,17.5006,1.16458,1.17537,46.5159,46.9469,86.6038,86.9645,4.17371,4.66812,0.24936999999999998,2.7824299999999997,195.40900000000002,4.36642
359,VPX38199_039_2-S_HM_W_Left,Extended,0.26864699999999997,18.1259,18.0594,1.14436,1.39866,46.3512,56.6514,87.3046,87.2129,4.20749,4.70589,0.37253800000000004,2.7621,214.28,3.9901199999999997
360,VPX38199_043_2-S_HM_E_Left,Extended,0.261856,17.6173,17.5426,1.17229,1.16707,45.6507,45.4476,84.5154,84.0364,4.0730699999999995,4.55555,0.235988,2.75698,193.243,4.3697099999999995
361,VPX38199_043_2-S_HM_W_Left,Extended,0.268054,17.9334,17.9043,1.13865,1.15095,47.0805,47.5889,84.1761,84.3441,4.056719999999999,4.53726,0.31645500000000004,2.75757,215.83700000000002,3.9313300000000004
362,VPX38881_018_2-S_HM_E_Left,Quick,,,,,,,,80.3111,80.904,3.87045,4.328930000000001,0.21675300000000003,2.79586,204.90900000000002,4.08665
363,VPX38881_018_2-S_HM_W_Left,Quick,,,,,,,,79.5108,79.6714,3.8318800000000004,4.28579,0.28865100000000005,2.78124,195.75,4.295780000000001
