,Name,Mode,DielNE,DielNW,DielSW,LineW_Pstop_std,LineW_Pstop_rot,LineW_Strip_std,LineW_Strip_rot,Rpoly,GCD I_surf,GCD S_0,GCD Vfb_Acc_Dep
0,VPX37078_001_PSS_HM_E_Left,Quick,200,200,200,49.8526,49.9294,34.1236,34.009,1.52049,5.67256,1.1226399999999999,-2.74775
1,VPX37078_001_PSS_HM_W_Left,Quick,200,200,200,49.982,49.9034,33.1728,33.5105,1.46269,5.87763,1.06765,-2.82282
2,VPX37078_014_PSS_HM_E_Left,Quick,200,200,200,51.5449,51.3679,33.7914,33.8609,1.4967700000000002,6.434480000000001,1.149,-2.7627599999999997
3,VPX37078_014_PSS_HM_W_Left,Quick,200,200,200,47.3061,47.6398,34.247,34.3618,1.46781,7.18796,1.35113,-2.79279
4,VPX37078_027_PSS_HM_E_Left,Quick,200,200,200,51.0967,50.6841,33.7435,34.0245,1.45134,6.32648,1.12012,-2.56757
5,VPX37078_027_PSS_HM_W_Left,Quick,200,200,200,47.8122,47.9555,33.6899,33.726,1.42692,6.27435,1.11089,-2.62763
6,VPX37078_048_PSS_HM_E_Left,Quick,200,200,200,49.5261,49.2481,34.1578,34.3621,1.52193,7.0506,1.314,-2.7027
7,VPX37078_048_PSS_HM_W_Left,Quick,200,200,200,48.7248,48.8108,33.7838,33.8522,1.44528,6.823169999999999,1.2936,-2.74775
8,VPX37078_005_PSS_HM_E_Left,Extended,200,200,200,50.3879,50.4005,34.8558,35.2684,1.50066,5.7342900000000006,1.1848,-2.74775
9,VPX37078_005_PSS_HM_W_Left,Extended,200,200,200,49.7112,50.2303,33.8861,33.8548,1.43684,5.808330000000001,1.1012,-2.80781
10,VPX37078_017_PSS_HM_E_Left,Extended,200,200,200,51.2541,51.2525,33.5267,33.8482,1.52467,6.52804,1.20625,-3.9639599999999997
11,VPX37078_017_PSS_HM_W_Left,Extended,200,200,200,47.4627,47.5474,34.0879,34.1462,1.47807,6.457000000000001,1.1931200000000002,-2.82282
12,VPX37078_031_PSS_HM_E_Left,Extended,200,200,200,49.3242,49.262,33.8804,33.9895,1.5366600000000001,5.91944,1.08447,-2.55255
13,VPX37078_031_PSS_HM_W_Left,Extended,200,200,200,47.2647,47.1047,34.1035,34.0007,1.46149,5.88946,1.0789799999999998,-2.56757
14,VPX36794_002_PSS_HM_E_Left,Quick,200,200,200,48.1748,48.0347,33.7239,35.2874,1.50835,6.20575,1.21764,-2.01201
15,VPX36794_002_PSS_HM_W_Left,Quick,200,200,200,58.5072,57.9399,33.5454,33.6919,1.50023,5.8749199999999995,1.12341,-2.55255
16,VPX36794_015_PSS_HM_E_Left,Quick,200,200,200,49.2585,48.971000000000004,33.8023,34.1256,1.4717,6.44867,1.28726,-2.05706
17,VPX36794_015_PSS_HM_W_Left,Quick,200,200,200,55.3703,55.3806,33.8395,34.0372,1.47003,6.06427,1.22099,-2.2372400000000003
18,VPX36794_026_PSS_HM_E_Left,Quick,200,200,200,47.5551,49.4452,33.4233,33.6174,1.46213,5.66679,1.03819,-2.01201
19,VPX36794_026_PSS_HM_W_Left,Quick,200,200,200,58.2647,57.3861,33.7856,34.0114,1.43953,5.43762,0.9793209999999999,-2.04204
20,VPX36794_035_PSS_HM_E_Left,Quick,200,200,200,48.8784,48.6921,33.7387,33.9624,1.50787,5.80673,1.10089,-2.01201
21,VPX36794_035_PSS_HM_W_Left,Quick,200,200,200,54.3963,54.2601,33.7391,33.8852,1.4418600000000001,5.43417,1.07546,-2.02703
22,VPX36794_008_PSS_HM_E_Left,Extended,200,200,200,48.5003,48.0354,34.1261,34.3587,1.5084,6.07515,1.2552299999999998,-2.01201
23,VPX36794_008_PSS_HM_W_Left,Extended,200,200,200,53.6938,54.0001,33.341,33.8423,1.46234,5.73815,1.21672,-2.14715
24,VPX36794_019_PSS_HM_E_Left,Extended,200,200,200,50.8752,50.5468,33.5721,33.7156,1.4796,6.04635,1.28207,-2.01201
25,VPX36794_019_PSS_HM_W_Left,Extended,200,200,200,50.7343,50.7343,33.8653,34.1355,1.47356,4.277769999999999,1.10826,-2.1621599999999996
26,VPX36794_043_PSS_HM_E_Left,Extended,200,200,200,51.1204,50.9621,33.89,33.8116,1.4965700000000002,5.37,1.00079,-2.01201
27,VPX36794_043_PSS_HM_W_Left,Extended,200,200,200,53.0513,52.7942,33.8006,34.1241,1.44089,5.47285,1.08311,-2.05706
28,VPX36244_007_2-S_HM_E_Left,Quick,200,200,200,53.6068,53.3146,34.239000000000004,34.3643,1.47927,5.63746,1.22681,-2.82282
29,VPX36244_007_2-S_HM_W_Left,Quick,200,200,200,53.9827,54.0454,34.1222,34.0927,1.43125,6.656560000000001,1.05535,-2.95796
30,VPX36244_014_2-S_HM_E_Left,Quick,200,200,200,52.6635,52.5006,34.0929,34.4158,1.46384,5.86269,1.25393,-2.79279
31,VPX36244_014_2-S_HM_W_Left,Quick,200,200,200,302.955,303.99,34.2951,34.4026,1.43895,5.93279,1.20486,-2.95796
32,VPX36244_023_2-S_HM_E_Left,Quick,200,200,200,53.2114,53.1995,33.6605,33.8344,1.4940200000000001,6.1031699999999995,1.19751,-2.79279
33,VPX36244_023_2-S_HM_W_Left,Quick,200,200,200,53.6769,52.6082,34.246,34.3669,1.44537,6.26308,1.18741,-2.95796
34,VPX36244_035_2-S_HM_E_Left,Quick,200,200,200,51.7722,51.9641,33.8247,33.9528,1.44695,5.98621,1.05087,-2.67267
35,VPX36244_035_2-S_HM_W_Left,Quick,200,200,200,53.2161,53.2489,34.0529,34.1381,1.4251200000000002,6.145630000000001,1.04274,-2.7627599999999997
36,VPX36244_044_2-S_HM_E_Left,Quick,200,200,190,52.8104,52.946000000000005,33.7481,33.8066,1.4583,6.55171,1.0745200000000001,-2.73273
37,VPX36244_044_2-S_HM_W_Left,Quick,200,200,200,53.9424,53.6692,34.0944,34.1589,1.43639,6.69767,1.0891899999999999,-2.8378400000000004
38,VPX36244_003_2-S_HM_E_Left,Extended,200,200,200,53.3361,52.8796,34.1732,34.1122,1.44292,6.216480000000001,1.02823,-2.79279
39,VPX36244_003_2-S_HM_W_Left,Extended,200,200,200,55.0543,55.0925,34.0337,34.1559,1.44615,6.77398,1.07397,-2.94294
40,VPX36244_016_2-S_HM_E_Left,Extended,200,200,200,52.9853,52.9805,33.8413,33.9536,1.43679,7.60248,1.2053200000000002,-2.8378400000000004
41,VPX36244_016_2-S_HM_W_Left,Extended,200,200,200,53.8123,53.4857,18.1084,18.1151,1.42624,7.58515,1.23351,-2.97297
42,VPX36244_028_2-S_HM_E_Left,Extended,200,200,200,52.4507,52.2757,33.67,33.7875,1.45133,7.35717,1.2169,-2.64264
43,VPX36244_028_2-S_HM_W_Left,Extended,200,200,200,52.3807,52.3181,34.2034,34.1852,1.4169,6.65275,1.1778899999999999,-2.74775
44,VPX36244_042_2-S_HM_E_Left,Extended,200,200,200,51.6859,51.1792,33.9246,34.1356,1.46791,5.00483,1.08914,-2.71772
45,VPX36244_042_2-S_HM_W_Left,Extended,200,200,200,53.7366,53.4553,33.8118,33.7988,1.46089,5.8061,1.2311299999999998,-2.82282
46,VPX37077_009_PSS_HM_E_Left,Extended,200,200,200,46.7738,46.8715,34.35,34.1427,1.56179,4.9816199999999995,1.26817,-2.74775
47,VPX37077_009_PSS_HM_W_Left,Extended,200,200,200,49.9935,48.4101,34.3753,34.2616,1.48594,6.0212900000000005,1.19165,-2.74775
48,VPX37077_020_PSS_HM_E_Left,Extended,200,200,200,51.286,51.271,34.0405,34.0647,1.54888,6.557169999999999,1.19108,-2.8378400000000004
49,VPX37077_020_PSS_HM_W_Left,Extended,200,200,200,48.8003,48.7777,34.0876,34.0213,1.48219,6.51025,1.1725,-2.86787
50,VPX37077_032_PSS_HM_E_Left,Extended,200,200,200,52.7767,52.8599,33.9141,34.0192,1.52715,6.104830000000001,1.0994899999999999,-2.55255
51,VPX37077_032_PSS_HM_W_Left,Extended,200,200,200,48.7617,48.6057,34.0453,34.1355,1.48591,5.89823,1.06228,-2.58258
52,VPX37077_006_PSS_HM_E_Left,Quick,200,200,200,51.3636,51.2058,33.6771,33.8188,1.56151,6.34242,1.21281,-2.67267
53,VPX37077_006_PSS_HM_W_Left,Quick,200,200,200,47.9222,47.496,34.2502,34.4457,1.5127700000000002,6.01565,1.2112,-2.7627599999999997
54,VPX37077_019_PSS_HM_E_Left,Quick,200,200,200,49.1449,49.5804,34.1096,34.2166,1.57596,4.38698,1.25216,-2.85285
55,VPX37077_019_PSS_HM_W_Left,Quick,200,200,200,48.423,48.2958,34.3071,34.3158,1.5037200000000002,4.40117,1.14022,-2.95796
56,VPX37077_028_PSS_HM_E_Left,Quick,200,200,200,47.5398,47.757,34.0991,34.2037,1.54425,4.27705,1.02416,-2.62763
57,VPX37077_028_PSS_HM_W_Left,Quick,200,200,200,51.6433,51.9023,34.3271,34.4937,1.5144799999999998,4.21596,1.0183799999999998,-2.65766
58,VPX37077_037_PSS_HM_E_Left,Quick,200,200,200,41.0197,53.163000000000004,34.0426,34.1919,1.5331700000000001,4.62472,1.15687,-2.65766
59,VPX37077_037_PSS_HM_W_Left,Quick,200,200,200,46.6013,46.6668,34.0631,33.8102,1.50132,4.5494,1.1480299999999999,-2.6876900000000004
60,VPX35955_010_PSS_HM_E_Left,Extended,200,200,200,50.4426,50.0641,34.1196,34.3208,1.40479,5.94919,1.11827,-2.62763
61,VPX35955_010_PSS_HM_W_Left,Extended,200,200,200,49.9788,49.8554,34.2955,34.4365,1.41806,5.17706,1.11691,-2.67267
62,VPX35955_020_PSS_HM_E_Left,Extended,200,200,200,49.1425,49.6001,33.6666,34.0152,1.4041700000000001,5.5153099999999995,1.08217,-2.67267
63,VPX35955_020_PSS_HM_W_Left,Extended,200,200,200,49.6041,49.1512,33.7537,33.7868,1.38704,5.69304,1.08863,-2.77778
64,VPX35955_030_PSS_HM_E_Left,Extended,200,200,200,52.36,52.5441,33.926,33.8922,1.45821,4.8810400000000005,1.01725,-2.56757
65,VPX35955_030_PSS_HM_W_Left,Extended,200,200,200,50.6311,50.6211,33.6814,33.6686,1.45222,5.22612,0.990815,-2.55255
66,VPX35955_047_PSS_HM_E_Left,Extended,200,200,200,49.2113,48.9307,34.2186,34.339,1.4649,5.15565,1.0116,-2.49249
67,VPX35955_047_PSS_HM_W_Left,Extended,200,200,200,50.9404,50.7727,34.0035,34.091,1.44709,5.35952,1.01611,-2.5375400000000004
68,VPX35955_008_PSS_HM_E_Left,Quick,200,200,200,48.2065,48.8381,33.9158,34.0595,1.40094,5.92781,1.05853,-2.67267
69,VPX35955_008_PSS_HM_W_Left,Quick,200,200,200,50.056000000000004,49.8494,34.2142,34.0944,1.4183700000000001,5.7817099999999995,1.05924,-2.6876900000000004
70,VPX35955_018_PSS_HM_E_Left,Quick,200,200,200,49.1715,49.1737,33.9572,34.1515,1.3943,6.0339,1.11494,-2.62763
71,VPX35955_018_PSS_HM_W_Left,Quick,200,200,200,49.1825,48.9607,34.4607,34.5243,1.39196,5.95017,1.1089200000000001,-2.74775
72,VPX35955_026_PSS_HM_E_Left,Quick,200,200,200,48.917,48.9975,33.7146,34.1839,1.46004,5.2135,0.971628,-2.44745
73,VPX35955_026_PSS_HM_W_Left,Quick,200,200,200,50.2533,49.5145,34.2847,34.2916,1.4769,5.33633,0.9945200000000001,-2.52252
74,VPX35955_035_PSS_HM_E_Left,Quick,200,200,200,48.1699,48.131,34.0835,34.0682,1.45795,5.41619,1.01809,-2.4624599999999996
75,VPX35955_035_PSS_HM_W_Left,Quick,200,200,200,50.9521,50.7217,34.1867,34.2551,1.44507,5.340269999999999,1.0038200000000002,-2.5375400000000004
76,VPX35955_044_PSS_HM_E_Left,Quick,200,200,200,48.9429,48.8284,33.9999,34.1041,1.45849,5.75535,1.1390200000000001,-2.49249
77,VPX35955_044_PSS_HM_W_Left,Quick,200,200,200,50.5133,50.2951,34.2058,34.1378,1.44465,5.67221,1.08465,-2.55255
78,VPX35720_001_2-S_HM_E_Left,Quick,200,200,200,48.5292,48.1319,33.5785,33.5753,1.43925,5.1381,1.15762,-2.74775
79,VPX35720_001_2-S_HM_W_Left,Quick,200,200,200,49.1784,49.3481,33.6482,33.9464,1.4331,4.82069,1.1148,-2.7627599999999997
80,VPX35720_011_2-S_HM_E_Left,Quick,200,200,200,48.1906,48.3942,33.8085,33.8668,1.44261,5.51695,1.19023,-2.7627599999999997
81,VPX35720_011_2-S_HM_W_Left,Quick,200,200,200,48.7645,48.2339,33.6276,33.6285,1.45397,5.08983,1.1172799999999998,-2.79279
82,VPX35720_018_2-S_HM_E_Left,Quick,200,200,200,48.9847,49.2097,33.7483,33.7317,1.48315,5.14219,1.26401,-2.77778
83,VPX35720_018_2-S_HM_W_Left,Quick,200,200,200,48.2756,48.6108,33.7984,33.7981,1.46255,5.221830000000001,1.13636,-2.77778
84,VPX35720_029_2-S_HM_E_Left,Quick,200,200,200,47.8747,47.3241,33.9802,34.2029,1.4129,5.2595,1.0589600000000001,-2.6876900000000004
85,VPX35720_029_2-S_HM_W_Left,Quick,200,200,200,48.5376,48.1581,33.655,33.8731,1.37409,4.95181,1.01434,-2.73273
86,VPX35720_044_2-S_HM_E_Left,Quick,200,200,200,48.4944,48.4629,33.782,33.777,1.41319,5.63473,1.09614,-2.67267
87,VPX35720_044_2-S_HM_W_Left,Quick,200,200,200,49.5327,49.4705,33.8331,33.8651,1.4170200000000002,5.888,1.09733,-2.73273
88,VPX35720_008_2-S_HM_E_Left,Extended,200,200,200,48.7154,48.6112,33.777,33.808,1.44074,5.83387,1.15456,-2.7627599999999997
89,VPX35720_008_2-S_HM_W_Left,Extended,200,200,200,46.3225,46.7589,34.4914,34.6285,1.43404,5.45377,1.1766,-2.7627599999999997
90,VPX35720_015_2-S_HM_E_Left,Extended,200,200,200,48.2994,48.9048,33.7343,34.0042,1.44136,5.89553,1.2829700000000002,-2.7627599999999997
91,VPX35720_015_2-S_HM_W_Left,Extended,200,200,200,48.6328,48.5504,33.4026,33.4891,1.44696,3.51937,1.17887,-2.77778
92,VPX35720_034_2-S_HM_E_Left,Extended,200,200,200,44.3016,44.3659,33.4346,33.5054,1.4313799999999999,3.87399,1.03955,-2.5976
93,VPX35720_034_2-S_HM_W_Left,Extended,200,200,200,47.4741,47.7876,33.9662,34.0434,1.42356,4.46064,1.0226,-2.64264
94,VPX35720_049_2-S_HM_E_Left,Extended,200,200,200,47.6886,47.9709,33.3011,33.3802,1.43889,5.91518,1.30976,-2.73273
95,VPX35720_049_2-S_HM_W_Left,Extended,200,200,200,46.8526,46.7975,33.8988,34.0697,1.41931,5.65375,1.11891,-2.74775
96,VPX37400_006_2-S_HM_E_Left,Extended,200,200,200,48.4612,47.4164,34.1009,34.2372,1.42479,6.223669999999999,1.24234,-2.85285
97,VPX37400_006_2-S_HM_W_Left,Extended,200,200,200,48.0648,47.3096,33.5953,33.7455,1.61219,5.7964400000000005,1.2185,-2.97297
98,VPX37400_019_2-S_HM_E_Left,Extended,200,200,200,49.6186,49.172,33.5495,33.5526,1.44807,6.29365,1.19321,-2.95796
99,VPX37400_019_2-S_HM_W_Left,Extended,200,200,200,48.1561,48.3033,33.9981,34.1305,1.4151,6.60292,1.2305700000000002,-3.07808
100,VPX37400_049_2-S_HM_E_Left,Extended,200,200,200,47.9668,47.6922,33.485,32.5056,1.45484,6.09192,1.1160700000000001,-2.8378400000000004
101,VPX37400_049_2-S_HM_W_Left,Extended,200,200,200,47.1254,47.9424,34.05,34.2913,1.4791,5.74935,1.24037,-2.95796
102,VPX37400_003_2-S_HM_E_Left,Quick,200,200,200,48.6703,49.0524,33.9712,33.912,1.42913,5.9310599999999996,1.12446,-2.8979
103,VPX37400_003_2-S_HM_W_Left,Quick,200,200,200,49.5579,49.495,34.0451,34.0614,1.45347,6.11637,1.13989,-3.003
104,VPX37400_015_2-S_HM_E_Left,Quick,200,200,200,47.8895,47.8873,33.8677,33.7946,1.46919,6.39896,1.18239,-2.92793
105,VPX37400_015_2-S_HM_W_Left,Quick,200,200,200,48.7367,48.5826,33.4596,33.5152,1.43541,6.44225,1.19039,-3.04805
106,VPX37400_027_2-S_HM_E_Left,Quick,200,200,200,46.2145,46.2212,33.8566,33.9015,1.50949,5.6862900000000005,1.04176,-2.6126099999999997
107,VPX37400_027_2-S_HM_W_Left,Quick,200,200,200,48.9283,48.8056,33.5755,33.6713,1.50353,5.1539,1.13134,-2.73273
108,VPX37400_037_2-S_HM_E_Left,Quick,200,200,200,47.6147,47.8437,33.9798,33.9523,1.47835,5.37385,1.1103299999999998,-2.74775
109,VPX37400_037_2-S_HM_W_Left,Quick,200,200,200,48.1602,47.5077,33.5284,33.5882,1.4591100000000001,5.4144,1.1284,-2.86787
110,VPX35954_001_PSS_HM_E_Left,Quick,200,200,200,49.2316,49.208999999999996,34.1443,34.3041,1.49641,5.42658,1.23328,-2.74775
111,VPX35954_001_PSS_HM_W_Left,Quick,200,200,200,48.6359,48.8804,34.2991,34.2628,1.51633,5.4289,1.1025200000000002,-2.80781
112,VPX35954_015_PSS_HM_E_Left,Quick,200,200,200,49.9386,49.995,33.975,34.1368,1.47963,6.16517,1.14899,-2.71772
113,VPX35954_015_PSS_HM_W_Left,Quick,200,200,200,50.0972,49.9953,34.0943,34.1722,1.4694,6.31377,1.0804200000000002,-2.82282
114,VPX35954_031_PSS_HM_E_Left,Quick,200,200,200,48.6846,48.5946,34.2756,34.5318,1.43249,6.26,1.0354299999999999,-2.65766
115,VPX35954_031_PSS_HM_W_Left,Quick,200,200,200,49.6178,49.8391,34.4101,34.2473,1.45096,4.34552,1.11598,-2.7027
116,VPX35954_038_PSS_HM_E_Left,Quick,200,200,200,49.786,50.2551,34.2151,34.403,1.45617,5.18425,1.0348600000000001,-2.64264
117,VPX35954_038_PSS_HM_W_Left,Quick,200,200,200,50.1594,48.3912,34.2095,34.2751,1.48301,5.2203800000000005,0.9812780000000001,-2.7027
118,VPX35954_042_PSS_HM_E_Left,Quick,200,200,200,49.574,49.4161,34.1745,34.0866,1.4762,5.8590800000000005,1.04625,-2.67267
119,VPX35954_042_PSS_HM_W_Left,Quick,200,200,200,50.6122,50.50899999999999,34.2817,34.205999999999996,1.4729,5.886830000000001,1.0246600000000001,-2.74775
120,VPX35954_010_PSS_HM_E_Left,Extended,200,200,200,52.0504,51.9323,34.3858,34.7365,1.51436,6.2216,1.38961,-2.74775
121,VPX35954_010_PSS_HM_W_Left,Extended,200,200,200,49.26,49.17100000000001,34.3464,34.4213,1.49532,5.8984,1.13762,-2.82282
122,VPX35954_021_PSS_HM_E_Left,Extended,200,200,200,49.1595,48.7188,34.3935,34.5966,1.49166,6.36835,1.20737,-2.73273
123,VPX35954_021_PSS_HM_W_Left,Extended,200,200,200,49.0553,48.9259,34.2052,34.185,1.4774200000000002,6.23021,1.15121,-2.77778
124,VPX35954_034_PSS_HM_E_Left,Extended,200,200,200,50.2065,49.2081,34.0836,34.3412,1.46133,6.06685,1.07415,-2.65766
125,VPX35954_034_PSS_HM_W_Left,Extended,200,200,200,50.7473,50.5761,34.3979,34.3753,1.46357,4.8884,1.04554,-2.73273
126,VPX35954_046_PSS_HM_E_Left,Extended,200,200,200,50.2986,50.5095,34.0764,34.3278,1.47705,5.428999999999999,1.11209,-2.65766
127,VPX35954_046_PSS_HM_W_Left,Extended,200,200,200,49.2148,49.0185,34.33,34.4542,1.5145600000000001,5.4139800000000005,1.0352700000000001,-2.71772
128,VPX36793_003_PSS_HM_E_Left,Quick,200,200,200,48.2719,48.332,33.8069,33.8435,1.5385799999999998,5.81069,1.26451,-2.98799
129,VPX36793_003_PSS_HM_W_Left,Quick,200,200,200,48.1114,48.0224,34.605,34.5582,1.49264,4.57379,1.06695,-3.07808
130,VPX36793_018_PSS_HM_E_Left,Quick,200,200,200,48.5504,48.6886,33.8973,33.9899,1.53719,5.48802,1.0494299999999999,-3.03303
131,VPX36793_018_PSS_HM_W_Left,Quick,200,200,200,48.5062,48.729,34.1779,34.0994,1.48569,6.34271,1.172,-3.2132099999999997
132,VPX36793_029_PSS_HM_E_Left,Quick,200,200,200,49.0878,49.0847,33.8731,33.9165,1.5375,5.51042,1.15838,-2.85285
133,VPX36793_029_PSS_HM_W_Left,Quick,200,200,200,52.2515,51.9771,33.8033,34.0242,1.47852,5.57506,1.08453,-2.94294
134,VPX36793_038_PSS_HM_E_Left,Quick,200,200,200,48.5735,48.335,33.8494,34.119,1.52275,6.05969,1.1007200000000001,-2.85285
135,VPX36793_038_PSS_HM_W_Left,Quick,200,200,200,49.2661,49.468,33.8601,34.1843,1.4801799999999998,6.06525,1.09236,-2.94294
136,VPX36793_007_PSS_HM_E_Left,Extended,200,200,200,50.1557,49.2603,33.9907,34.1072,1.5267700000000002,6.62763,1.17344,-2.97297
137,VPX36793_007_PSS_HM_W_Left,Extended,200,200,200,49.5962,48.9912,33.863,34.0464,1.47971,6.6585399999999995,1.1789100000000001,-3.09309
138,VPX36793_021_PSS_HM_E_Left,Extended,200,200,200,48.6795,49.2077,34.0191,34.2527,1.5408,6.8632100000000005,1.27908,-3.03303
139,VPX36793_021_PSS_HM_W_Left,Extended,200,200,200,49.9149,50.0604,33.9188,34.1003,1.49515,6.66937,1.3199100000000001,-3.16817
140,VPX36793_048_PSS_HM_E_Left,Extended,200,200,200,48.6376,48.8886,33.8489,34.111,1.54064,6.161169999999999,1.2512299999999998,-2.92793
141,VPX36793_048_PSS_HM_W_Left,Extended,200,200,200,48.5845,48.6178,33.8558,33.8254,1.51083,6.14617,1.24819,-3.03303
142,VPX35716_001_2-S_HM_E_Left,Quick,200,200,200,48.0899,48.556999999999995,33.9772,33.9534,1.76683,4.1653400000000005,1.06037,-2.05706
143,VPX35716_001_2-S_HM_W_Left,Quick,200,200,200,48.1434,47.853,33.9056,34.0912,1.7754900000000002,4.18037,1.00978,-2.17718
144,VPX35716_010_2-S_HM_E_Left,Quick,200,200,200,47.7226,47.867,34.4286,34.5729,1.85421,4.5099800000000005,1.0612700000000002,-2.07207
145,VPX35716_010_2-S_HM_W_Left,Quick,200,200,200,46.8008,47.2534,33.6457,33.5766,1.7754900000000002,4.2780000000000005,1.01549,-2.14715
146,VPX35716_022_2-S_HM_E_Left,Quick,200,200,200,48.7793,48.6436,34.4152,34.4552,1.79588,4.740819999999999,1.09633,-2.13213
147,VPX35716_022_2-S_HM_W_Left,Quick,200,200,200,50.6469,50.7835,33.3308,33.9278,1.8409799999999998,4.64583,1.04671,-2.20721
148,VPX35716_041_2-S_HM_E_Left,Quick,200,200,200,47.6971,48.1673,34.1744,34.2906,1.73543,4.42725,0.980294,-1.96697
149,VPX35716_041_2-S_HM_W_Left,Quick,200,200,200,47.9534,48.3063,33.975,33.1578,1.71953,4.49463,0.9866209999999999,-2.13213
150,VPX35716_049_2-S_HM_E_Left,Quick,200,200,200,47.5133,48.2509,34.3685,34.2762,1.7622799999999998,4.7005099999999995,1.0141,-1.9969999999999999
151,VPX35716_049_2-S_HM_W_Left,Quick,200,200,200,47.7623,48.7246,33.8167,33.81,1.75633,4.6966,0.99587,-2.13213
152,VPX35716_004_2-S_HM_E_Left,Extended,200,200,200,48.1372,48.4657,33.9526,34.1103,1.7855400000000001,4.31829,1.13858,-1.9819799999999999
153,VPX35716_004_2-S_HM_W_Left,Extended,200,200,200,47.8167,48.0482,33.8965,33.9685,1.78131,4.43262,1.00738,-2.05706
154,VPX35716_017_2-S_HM_E_Left,Extended,200,200,200,47.32899999999999,47.3455,33.8926,33.899,1.7643400000000002,5.2815,1.13944,-2.13213
155,VPX35716_017_2-S_HM_W_Left,Extended,200,200,200,47.9614,47.9602,33.9836,33.989000000000004,1.76112,4.916530000000001,1.0335299999999998,-2.2372400000000003
156,VPX35716_031_2-S_HM_E_Left,Extended,200,200,200,47.9333,48.018,33.9044,33.998000000000005,1.71843,4.89911,0.9612639999999999,-1.84685
157,VPX35716_031_2-S_HM_W_Left,Extended,200,200,200,48.18600000000001,48.0201,33.4844,33.6419,1.7457799999999999,4.881959999999999,0.9661709999999999,-1.96697
158,VPX35716_045_2-S_HM_E_Left,Extended,200,200,200,48.788000000000004,48.8834,33.7763,33.8658,1.73911,5.227519999999999,1.01693,-1.92192
159,VPX35716_045_2-S_HM_W_Left,Extended,200,200,200,48.1126,48.2534,33.403,33.5931,1.7302799999999998,5.39941,1.0594299999999999,-2.05706
160,VPX36243_003_2-S_HM_E_Left,Quick,200,200,200,52.7964,52.4947,33.6291,33.8046,1.51924,5.8641,1.14076,-2.6876900000000004
161,VPX36243_003_2-S_HM_W_Left,Quick,200,200,200,51.6742,51.6437,33.7461,33.9519,1.4550100000000001,5.84871,1.0355299999999998,-2.74775
162,VPX36243_011_2-S_HM_E_Left,Quick,200,200,200,52.7709,52.9965,33.6415,33.6989,1.49486,6.26485,1.2505600000000001,-2.74775
163,VPX36243_011_2-S_HM_W_Left,Quick,200,200,200,52.5689,52.7739,34.3031,34.3829,1.45904,6.08977,1.2052,-2.79279
164,VPX36243_020_2-S_HM_E_Left,Quick,200,200,200,52.6033,52.7207,33.6986,33.8683,1.5343,6.3032900000000005,1.23678,-2.56757
165,VPX36243_020_2-S_HM_W_Left,Quick,200,200,200,52.4098,52.2733,33.7479,33.8055,1.51137,6.16231,1.21956,-2.67267
166,VPX36243_031_2-S_HM_E_Left,Quick,200,200,200,51.8087,51.641999999999996,33.8218,33.7383,1.4990299999999999,5.45362,1.07931,-2.5976
167,VPX36243_031_2-S_HM_W_Left,Quick,200,200,200,52.7328,52.9039,34.1348,34.178000000000004,1.45046,5.3752699999999995,1.0729899999999999,-2.62763
168,VPX36243_040_2-S_HM_E_Left,Quick,200,200,200,54.1007,53.8883,33.9232,34.0297,1.50443,5.6370000000000005,1.12523,-2.62763
169,VPX36243_040_2-S_HM_W_Left,Quick,200,200,200,52.7759,53.1738,33.8691,33.9302,1.49326,5.50469,1.0988200000000001,-2.65766
170,VPX36243_005_2-S_HM_E_Left,Extended,200,200,200,53.1714,52.9172,34.1638,34.0629,1.50689,5.85469,1.18899,-2.7627599999999997
171,VPX36243_005_2-S_HM_W_Left,Extended,200,200,200,53.7952,53.8287,33.639,33.6872,1.4757799999999999,6.3621,1.0979999999999999,-2.82282
172,VPX36243_015_2-S_HM_E_Left,Extended,200,200,200,53.5938,53.2953,33.905,33.8491,1.4982,7.1729,1.04526,-2.74775
173,VPX36243_015_2-S_HM_W_Left,Extended,200,200,200,52.5641,52.5283,33.9105,33.9316,1.44489,7.35963,1.01132,-2.82282
174,VPX36243_026_2-S_HM_E_Left,Extended,200,200,200,52.2973,52.4944,33.826,33.8079,1.4910700000000001,7.0427100000000005,0.905265,-2.56757
175,VPX36243_026_2-S_HM_W_Left,Extended,200,200,200,52.8007,52.2175,34.0086,33.7903,1.45138,6.1189,1.07417,-2.64264
176,VPX36243_035_2-S_HM_E_Left,Extended,200,200,200,51.6872,51.898,33.8842,33.9228,1.49088,6.17665,1.15113,-2.62763
177,VPX36243_035_2-S_HM_W_Left,Extended,190,200,200,54.2707,54.051,33.5494,33.6273,1.4592,5.6860800000000005,1.0873,-2.65766
178,VPX35721_006_2-S_HM_E_Left,Quick,200,200,200,49.2608,49.4667,33.8281,33.8645,1.52068,5.06904,1.1224,-2.85285
179,VPX35721_006_2-S_HM_W_Left,Quick,200,200,200,48.0088,48.0689,34.0365,34.2026,1.55451,5.0775,1.07664,-2.86787
180,VPX35721_016_2-S_HM_E_Left,Quick,200,200,200,47.5007,47.6176,34.187,34.3098,1.51796,5.3855,1.11274,-2.8979
181,VPX35721_016_2-S_HM_W_Left,Quick,200,200,200,47.9138,47.9832,33.6351,33.723,1.54811,5.55425,1.12798,-2.94294
182,VPX35721_025_2-S_HM_E_Left,Quick,200,200,200,49.6547,49.4343,33.8233,34.0587,1.53718,5.61421,1.12069,-2.8979
183,VPX35721_025_2-S_HM_W_Left,Quick,200,200,200,48.7426,49.1975,33.9703,34.0273,1.55257,4.46252,1.25142,-2.95796
184,VPX35721_039_2-S_HM_E_Left,Quick,200,200,200,49.0028,48.748999999999995,34.7056,34.7569,1.5223200000000001,4.4168,1.16455,-2.7027
185,VPX35721_039_2-S_HM_W_Left,Quick,200,200,200,48.1392,48.3528,34.0258,34.115,1.55901,4.5376,1.05851,-2.73273
186,VPX35721_047_2-S_HM_E_Left,Quick,200,200,200,48.4465,48.5164,34.3453,34.3094,1.51882,4.850630000000001,1.09285,-2.79279
187,VPX35721_047_2-S_HM_W_Left,Quick,200,200,200,48.3151,48.3021,33.9734,34.0711,1.54997,4.95642,1.0786,-2.79279
188,VPX35721_002_2-S_HM_E_Left,Extended,200,200,200,50.2925,50.0553,33.9714,34.0047,1.51124,5.9666,1.11198,-2.79279
189,VPX35721_002_2-S_HM_W_Left,Extended,200,200,200,47.8726,47.7388,33.6459,33.8421,1.52893,6.13623,1.09574,-2.8378400000000004
190,VPX35721_012_2-S_HM_E_Left,Extended,200,200,200,49.5372,49.2954,34.1361,34.0415,1.51504,6.47069,1.12629,-2.85285
191,VPX35721_012_2-S_HM_W_Left,Extended,200,200,200,48.2487,47.9637,34.323,34.4061,1.5268899999999999,6.35671,1.09707,-2.8979
192,VPX35721_020_2-S_HM_E_Left,Extended,200,200,200,51.0626,50.9551,33.899,34.0006,1.52663,4.6128800000000005,1.25981,-2.86787
193,VPX35721_020_2-S_HM_W_Left,Extended,200,200,200,47.6113,47.4262,33.6864,33.8143,1.5411,4.94002,1.19328,-2.92793
194,VPX35721_033_2-S_HM_E_Left,Extended,200,200,200,49.9149,49.7343,33.9431,34.0879,1.50348,4.758769999999999,1.20087,-2.73273
195,VPX35721_033_2-S_HM_W_Left,Extended,200,200,200,47.6774,47.9382,34.0087,34.1118,1.54013,4.913209999999999,1.0785,-2.74775
196,VPX37401_009_2-S_HM_E_Left,Extended,200,200,200,48.8688,49.0787,33.9547,33.9222,1.44193,4.72863,1.01137,-2.47748
197,VPX37401_009_2-S_HM_W_Left,Extended,200,200,200,46.7057,46.3916,33.3728,33.4584,1.4570100000000001,4.6010800000000005,1.03662,-2.62763
198,VPX37401_026_2-S_HM_E_Left,Extended,200,200,200,49.1928,48.9612,33.4861,33.6477,1.4451200000000002,4.24137,0.98083,-2.3873900000000003
199,VPX37401_026_2-S_HM_W_Left,Extended,200,200,200,47.3497,47.3347,33.7969,33.8365,1.45529,4.44044,0.856425,-2.50751
200,VPX37401_041_2-S_HM_E_Left,Extended,200,200,200,51.8837,52.077,32.4761,33.6263,1.43593,5.152,0.960166,-2.4024
201,VPX37401_041_2-S_HM_W_Left,Extended,200,200,200,46.3176,47.81,33.5857,33.6599,1.48079,5.08785,0.9897549999999999,-2.49249
202,VPX37401_005_2-S_HM_E_Left,Quick,200,200,200,49.7451,49.0332,33.6589,34.0742,1.45203,5.01335,1.05389,-2.4624599999999996
203,VPX37401_005_2-S_HM_W_Left,Quick,200,200,200,46.5885,47.2091,33.5565,33.6522,1.44021,4.84829,1.03696,-2.50751
204,VPX37401_014_2-S_HM_E_Left,Quick,200,200,200,49.2273,49.1689,33.6612,33.6826,1.42641,4.84629,1.05464,-2.4624599999999996
205,VPX37401_014_2-S_HM_W_Left,Quick,200,200,200,46.9436,47.2052,33.7147,33.7541,1.43831,4.8196699999999995,1.04884,-2.56757
206,VPX37401_028_2-S_HM_E_Left,Quick,200,200,200,49.4301,49.4004,33.7913,33.6868,1.4370100000000001,4.62533,0.955673,-2.35736
207,VPX37401_028_2-S_HM_W_Left,Quick,200,200,200,47.6214,47.7554,33.6539,33.7281,1.44212,4.6080000000000005,0.9119520000000001,-2.47748
